-12,-8,kQhdMjcyPud+Lu+4StPK8MwipeY=,ZPWDNb+c8+VnM0a9GYJE6h5n5Fk=
-12,-7,kQhdMjcyPud+Lu+4StPK8MwipeY=,ZPWDNb+c8+VnM0a9GYJE6h5n5Fk=
-11,-7,kQhdMjcyPud+Lu+4StPK8MwipeY=,ZPWDNb+c8+VnM0a9GYJE6h5n5Fk=
-10,-7,kQhdMjcyPud+Lu+4StPK8MwipeY=,ZPWDNb+c8+VnM0a9GYJE6h5n5Fk=
-12,-6,kQhdMjcyPud+Lu+4StPK8MwipeY=,ZPWDNb+c8+VnM0a9GYJE6h5n5Fk=
-5,-6,kQhdMjcyPud+Lu+4StPK8MwipeY=,xhkTJ+9cjYpwq50cAXr3SGRlJXk=
-11,-6,kQhdMjcyPud+Lu+4StPK8MwipeY=,ZPWDNb+c8+VnM0a9GYJE6h5n5Fk=
-10,-6,kQhdMjcyPud+Lu+4StPK8MwipeY=,ZPWDNb+c8+VnM0a9GYJE6h5n5Fk=
-16,-5,kQhdMjcyPud+Lu+4StPK8MwipeY=,ZPWDNb+c8+VnM0a9GYJE6h5n5Fk=
-12,-5,kQhdMjcyPud+Lu+4StPK8MwipeY=,ZPWDNb+c8+VnM0a9GYJE6h5n5Fk=
-16,-6,kQhdMjcyPud+Lu+4StPK8MwipeY=,ZPWDNb+c8+VnM0a9GYJE6h5n5Fk=
-6,-6,kQhdMjcyPud+Lu+4StPK8MwipeY=,xhkTJ+9cjYpwq50cAXr3SGRlJXk=
-9,-5,kQhdMjcyPud+Lu+4StPK8MwipeY=,ZPWDNb+c8+VnM0a9GYJE6h5n5Fk=
-10,-5,kQhdMjcyPud+Lu+4StPK8MwipeY=,ZPWDNb+c8+VnM0a9GYJE6h5n5Fk=
-16,-7,kQhdMjcyPud+Lu+4StPK8MwipeY=,ZPWDNb+c8+VnM0a9GYJE6h5n5Fk=
-9,-7,kQhdMjcyPud+Lu+4StPK8MwipeY=,ZPWDNb+c8+VnM0a9GYJE6h5n5Fk=
-11,-8,kQhdMjcyPud+Lu+4StPK8MwipeY=,ZPWDNb+c8+VnM0a9GYJE6h5n5Fk=
-9,-6,kQhdMjcyPud+Lu+4StPK8MwipeY=,ZPWDNb+c8+VnM0a9GYJE6h5n5Fk=
-15,-7,kQhdMjcyPud+Lu+4StPK8MwipeY=,ZPWDNb+c8+VnM0a9GYJE6h5n5Fk=
-9,-8,kQhdMjcyPud+Lu+4StPK8MwipeY=,ZPWDNb+c8+VnM0a9GYJE6h5n5Fk=
-11,-5,kQhdMjcyPud+Lu+4StPK8MwipeY=,ZPWDNb+c8+VnM0a9GYJE6h5n5Fk=
-16,-8,kQhdMjcyPud+Lu+4StPK8MwipeY=,ZPWDNb+c8+VnM0a9GYJE6h5n5Fk=
-15,-8,l3HgoaRoaqqZ1mZcRxp1bV5wpmM=,ZPWDNb+c8+VnM0a9GYJE6h5n5Fk=
-13,-7,l3HgoaRoaqqZ1mZcRxp1bV5wpmM=,ZPWDNb+c8+VnM0a9GYJE6h5n5Fk=
-14,-7,l3HgoaRoaqqZ1mZcRxp1bV5wpmM=,ZPWDNb+c8+VnM0a9GYJE6h5n5Fk=
-10,-8,l3HgoaRoaqqZ1mZcRxp1bV5wpmM=,ZPWDNb+c8+VnM0a9GYJE6h5n5Fk=
-15,-6,l3HgoaRoaqqZ1mZcRxp1bV5wpmM=,ZPWDNb+c8+VnM0a9GYJE6h5n5Fk=
-14,-6,l3HgoaRoaqqZ1mZcRxp1bV5wpmM=,ZPWDNb+c8+VnM0a9GYJE6h5n5Fk=
-7,-13,l3HgoaRoaqqZ1mZcRxp1bV5wpmM=,3BsbY/vRLnYpu2GksWxEmIWbwg8=
-6,-14,l3HgoaRoaqqZ1mZcRxp1bV5wpmM=,3BsbY/vRLnYpu2GksWxEmIWbwg8=
-13,-6,l3HgoaRoaqqZ1mZcRxp1bV5wpmM=,ZPWDNb+c8+VnM0a9GYJE6h5n5Fk=
-7,-14,l3HgoaRoaqqZ1mZcRxp1bV5wpmM=,3BsbY/vRLnYpu2GksWxEmIWbwg8=
-9,-11,l3HgoaRoaqqZ1mZcRxp1bV5wpmM=,HMtSwR/apr18gfByVWyZNcPF4BI=
-15,-10,l3HgoaRoaqqZ1mZcRxp1bV5wpmM=,HMtSwR/apr18gfByVWyZNcPF4BI=
-7,-12,l3HgoaRoaqqZ1mZcRxp1bV5wpmM=,3BsbY/vRLnYpu2GksWxEmIWbwg8=
-14,-5,l3HgoaRoaqqZ1mZcRxp1bV5wpmM=,ZPWDNb+c8+VnM0a9GYJE6h5n5Fk=
-7,-11,l3HgoaRoaqqZ1mZcRxp1bV5wpmM=,3BsbY/vRLnYpu2GksWxEmIWbwg8=
-6,-12,l3HgoaRoaqqZ1mZcRxp1bV5wpmM=,3BsbY/vRLnYpu2GksWxEmIWbwg8=
-14,-8,l3HgoaRoaqqZ1mZcRxp1bV5wpmM=,ZPWDNb+c8+VnM0a9GYJE6h5n5Fk=
-6,-13,l3HgoaRoaqqZ1mZcRxp1bV5wpmM=,3BsbY/vRLnYpu2GksWxEmIWbwg8=
-5,-14,l3HgoaRoaqqZ1mZcRxp1bV5wpmM=,3BsbY/vRLnYpu2GksWxEmIWbwg8=
-6,-11,l3HgoaRoaqqZ1mZcRxp1bV5wpmM=,3BsbY/vRLnYpu2GksWxEmIWbwg8=
-5,-13,l3HgoaRoaqqZ1mZcRxp1bV5wpmM=,3BsbY/vRLnYpu2GksWxEmIWbwg8=
-7,-10,l3HgoaRoaqqZ1mZcRxp1bV5wpmM=,3BsbY/vRLnYpu2GksWxEmIWbwg8=
-5,-11,l3HgoaRoaqqZ1mZcRxp1bV5wpmM=,3BsbY/vRLnYpu2GksWxEmIWbwg8=
-6,-10,l3HgoaRoaqqZ1mZcRxp1bV5wpmM=,3BsbY/vRLnYpu2GksWxEmIWbwg8=
-5,-12,l3HgoaRoaqqZ1mZcRxp1bV5wpmM=,3BsbY/vRLnYpu2GksWxEmIWbwg8=
-5,-10,l3HgoaRoaqqZ1mZcRxp1bV5wpmM=,3BsbY/vRLnYpu2GksWxEmIWbwg8=
-6,-15,l3HgoaRoaqqZ1mZcRxp1bV5wpmM=,3BsbY/vRLnYpu2GksWxEmIWbwg8=
-11,-11,l3HgoaRoaqqZ1mZcRxp1bV5wpmM=,HMtSwR/apr18gfByVWyZNcPF4BI=
-14,-10,l3HgoaRoaqqZ1mZcRxp1bV5wpmM=,HMtSwR/apr18gfByVWyZNcPF4BI=
-7,-15,l3HgoaRoaqqZ1mZcRxp1bV5wpmM=,3BsbY/vRLnYpu2GksWxEmIWbwg8=
-5,-15,l3HgoaRoaqqZ1mZcRxp1bV5wpmM=,3BsbY/vRLnYpu2GksWxEmIWbwg8=
-12,-11,l3HgoaRoaqqZ1mZcRxp1bV5wpmM=,HMtSwR/apr18gfByVWyZNcPF4BI=
-12,-14,l3HgoaRoaqqZ1mZcRxp1bV5wpmM=,HMtSwR/apr18gfByVWyZNcPF4BI=
-13,-8,l3HgoaRoaqqZ1mZcRxp1bV5wpmM=,ZPWDNb+c8+VnM0a9GYJE6h5n5Fk=
-10,-11,l3HgoaRoaqqZ1mZcRxp1bV5wpmM=,HMtSwR/apr18gfByVWyZNcPF4BI=
-8,-14,l3HgoaRoaqqZ1mZcRxp1bV5wpmM=,3BsbY/vRLnYpu2GksWxEmIWbwg8=
-11,-14,l3HgoaRoaqqZ1mZcRxp1bV5wpmM=,HMtSwR/apr18gfByVWyZNcPF4BI=
-13,-11,l3HgoaRoaqqZ1mZcRxp1bV5wpmM=,HMtSwR/apr18gfByVWyZNcPF4BI=
-9,-14,l3HgoaRoaqqZ1mZcRxp1bV5wpmM=,HMtSwR/apr18gfByVWyZNcPF4BI=
-7,-9,l3HgoaRoaqqZ1mZcRxp1bV5wpmM=,3BsbY/vRLnYpu2GksWxEmIWbwg8=
-13,-5,l3HgoaRoaqqZ1mZcRxp1bV5wpmM=,ZPWDNb+c8+VnM0a9GYJE6h5n5Fk=
-13,-10,l3HgoaRoaqqZ1mZcRxp1bV5wpmM=,HMtSwR/apr18gfByVWyZNcPF4BI=
-12,-13,l3HgoaRoaqqZ1mZcRxp1bV5wpmM=,HMtSwR/apr18gfByVWyZNcPF4BI=
-12,-10,l3HgoaRoaqqZ1mZcRxp1bV5wpmM=,HMtSwR/apr18gfByVWyZNcPF4BI=
-15,-12,l3HgoaRoaqqZ1mZcRxp1bV5wpmM=,HMtSwR/apr18gfByVWyZNcPF4BI=
-8,-13,l3HgoaRoaqqZ1mZcRxp1bV5wpmM=,3BsbY/vRLnYpu2GksWxEmIWbwg8=
-11,-13,l3HgoaRoaqqZ1mZcRxp1bV5wpmM=,HMtSwR/apr18gfByVWyZNcPF4BI=
-14,-11,l3HgoaRoaqqZ1mZcRxp1bV5wpmM=,HMtSwR/apr18gfByVWyZNcPF4BI=
-15,-11,l3HgoaRoaqqZ1mZcRxp1bV5wpmM=,HMtSwR/apr18gfByVWyZNcPF4BI=
-15,-5,l3HgoaRoaqqZ1mZcRxp1bV5wpmM=,ZPWDNb+c8+VnM0a9GYJE6h5n5Fk=
-6,-9,l3HgoaRoaqqZ1mZcRxp1bV5wpmM=,3BsbY/vRLnYpu2GksWxEmIWbwg8=
-5,-9,l3HgoaRoaqqZ1mZcRxp1bV5wpmM=,3BsbY/vRLnYpu2GksWxEmIWbwg8=
-9,-13,l3HgoaRoaqqZ1mZcRxp1bV5wpmM=,HMtSwR/apr18gfByVWyZNcPF4BI=
-8,-11,l3HgoaRoaqqZ1mZcRxp1bV5wpmM=,3BsbY/vRLnYpu2GksWxEmIWbwg8=
-11,-10,l3HgoaRoaqqZ1mZcRxp1bV5wpmM=,HMtSwR/apr18gfByVWyZNcPF4BI=
-10,-14,l3HgoaRoaqqZ1mZcRxp1bV5wpmM=,HMtSwR/apr18gfByVWyZNcPF4BI=
-10,-15,l3HgoaRoaqqZ1mZcRxp1bV5wpmM=,HMtSwR/apr18gfByVWyZNcPF4BI=
-9,-15,l3HgoaRoaqqZ1mZcRxp1bV5wpmM=,HMtSwR/apr18gfByVWyZNcPF4BI=
-10,-13,l3HgoaRoaqqZ1mZcRxp1bV5wpmM=,HMtSwR/apr18gfByVWyZNcPF4BI=
-16,-3,l3HgoaRoaqqZ1mZcRxp1bV5wpmM=,ZPWDNb+c8+VnM0a9GYJE6h5n5Fk=
-10,-10,l3HgoaRoaqqZ1mZcRxp1bV5wpmM=,HMtSwR/apr18gfByVWyZNcPF4BI=
-9,-12,l3HgoaRoaqqZ1mZcRxp1bV5wpmM=,HMtSwR/apr18gfByVWyZNcPF4BI=
-11,-15,l3HgoaRoaqqZ1mZcRxp1bV5wpmM=,HMtSwR/apr18gfByVWyZNcPF4BI=
-8,-15,l3HgoaRoaqqZ1mZcRxp1bV5wpmM=,3BsbY/vRLnYpu2GksWxEmIWbwg8=
-7,-6,l3HgoaRoaqqZ1mZcRxp1bV5wpmM=,xhkTJ+9cjYpwq50cAXr3SGRlJXk=
-16,-1,l3HgoaRoaqqZ1mZcRxp1bV5wpmM=,ZPWDNb+c8+VnM0a9GYJE6h5n5Fk=
-9,-10,l3HgoaRoaqqZ1mZcRxp1bV5wpmM=,HMtSwR/apr18gfByVWyZNcPF4BI=
-15,-4,l3HgoaRoaqqZ1mZcRxp1bV5wpmM=,ZPWDNb+c8+VnM0a9GYJE6h5n5Fk=
-16,-2,l3HgoaRoaqqZ1mZcRxp1bV5wpmM=,ZPWDNb+c8+VnM0a9GYJE6h5n5Fk=
-12,-15,l3HgoaRoaqqZ1mZcRxp1bV5wpmM=,HMtSwR/apr18gfByVWyZNcPF4BI=
-15,-9,l3HgoaRoaqqZ1mZcRxp1bV5wpmM=,HMtSwR/apr18gfByVWyZNcPF4BI=
-14,-4,l3HgoaRoaqqZ1mZcRxp1bV5wpmM=,ZPWDNb+c8+VnM0a9GYJE6h5n5Fk=
-16,-4,l3HgoaRoaqqZ1mZcRxp1bV5wpmM=,ZPWDNb+c8+VnM0a9GYJE6h5n5Fk=
-8,-16,l3HgoaRoaqqZ1mZcRxp1bV5wpmM=,3BsbY/vRLnYpu2GksWxEmIWbwg8=
-9,-16,l3HgoaRoaqqZ1mZcRxp1bV5wpmM=,HMtSwR/apr18gfByVWyZNcPF4BI=
-10,-9,l3HgoaRoaqqZ1mZcRxp1bV5wpmM=,HMtSwR/apr18gfByVWyZNcPF4BI=
-13,-4,l3HgoaRoaqqZ1mZcRxp1bV5wpmM=,ZPWDNb+c8+VnM0a9GYJE6h5n5Fk=
-9,-9,l3HgoaRoaqqZ1mZcRxp1bV5wpmM=,HMtSwR/apr18gfByVWyZNcPF4BI=
-10,-16,l3HgoaRoaqqZ1mZcRxp1bV5wpmM=,HMtSwR/apr18gfByVWyZNcPF4BI=
-5,-7,l3HgoaRoaqqZ1mZcRxp1bV5wpmM=,xhkTJ+9cjYpwq50cAXr3SGRlJXk=
-13,-1,l3HgoaRoaqqZ1mZcRxp1bV5wpmM=,ZPWDNb+c8+VnM0a9GYJE6h5n5Fk=
-11,-16,l3HgoaRoaqqZ1mZcRxp1bV5wpmM=,HMtSwR/apr18gfByVWyZNcPF4BI=
-16,-11,l3HgoaRoaqqZ1mZcRxp1bV5wpmM=,HMtSwR/apr18gfByVWyZNcPF4BI=
-11,-9,l3HgoaRoaqqZ1mZcRxp1bV5wpmM=,HMtSwR/apr18gfByVWyZNcPF4BI=
-12,-16,l3HgoaRoaqqZ1mZcRxp1bV5wpmM=,HMtSwR/apr18gfByVWyZNcPF4BI=
-8,-9,l3HgoaRoaqqZ1mZcRxp1bV5wpmM=,3BsbY/vRLnYpu2GksWxEmIWbwg8=
-16,-10,l3HgoaRoaqqZ1mZcRxp1bV5wpmM=,HMtSwR/apr18gfByVWyZNcPF4BI=
-15,-3,l3HgoaRoaqqZ1mZcRxp1bV5wpmM=,ZPWDNb+c8+VnM0a9GYJE6h5n5Fk=
-13,-2,l3HgoaRoaqqZ1mZcRxp1bV5wpmM=,ZPWDNb+c8+VnM0a9GYJE6h5n5Fk=
-15,-2,l3HgoaRoaqqZ1mZcRxp1bV5wpmM=,ZPWDNb+c8+VnM0a9GYJE6h5n5Fk=
-14,-2,l3HgoaRoaqqZ1mZcRxp1bV5wpmM=,ZPWDNb+c8+VnM0a9GYJE6h5n5Fk=
-12,-9,l3HgoaRoaqqZ1mZcRxp1bV5wpmM=,HMtSwR/apr18gfByVWyZNcPF4BI=
-10,-12,l3HgoaRoaqqZ1mZcRxp1bV5wpmM=,HMtSwR/apr18gfByVWyZNcPF4BI=
-13,-3,l3HgoaRoaqqZ1mZcRxp1bV5wpmM=,ZPWDNb+c8+VnM0a9GYJE6h5n5Fk=
-14,-1,l3HgoaRoaqqZ1mZcRxp1bV5wpmM=,ZPWDNb+c8+VnM0a9GYJE6h5n5Fk=
-14,-3,l3HgoaRoaqqZ1mZcRxp1bV5wpmM=,ZPWDNb+c8+VnM0a9GYJE6h5n5Fk=
-9,-1,l3HgoaRoaqqZ1mZcRxp1bV5wpmM=,ZPWDNb+c8+VnM0a9GYJE6h5n5Fk=
-16,-12,l3HgoaRoaqqZ1mZcRxp1bV5wpmM=,HMtSwR/apr18gfByVWyZNcPF4BI=
-1,-8,l3HgoaRoaqqZ1mZcRxp1bV5wpmM=,xhkTJ+9cjYpwq50cAXr3SGRlJXk=
-1,-10,l3HgoaRoaqqZ1mZcRxp1bV5wpmM=,3BsbY/vRLnYpu2GksWxEmIWbwg8=
-1,-11,l3HgoaRoaqqZ1mZcRxp1bV5wpmM=,3BsbY/vRLnYpu2GksWxEmIWbwg8=
-15,-1,l3HgoaRoaqqZ1mZcRxp1bV5wpmM=,ZPWDNb+c8+VnM0a9GYJE6h5n5Fk=
-6,-16,l3HgoaRoaqqZ1mZcRxp1bV5wpmM=,3BsbY/vRLnYpu2GksWxEmIWbwg8=
-16,-9,l3HgoaRoaqqZ1mZcRxp1bV5wpmM=,HMtSwR/apr18gfByVWyZNcPF4BI=
-5,-16,l3HgoaRoaqqZ1mZcRxp1bV5wpmM=,3BsbY/vRLnYpu2GksWxEmIWbwg8=
-13,-9,l3HgoaRoaqqZ1mZcRxp1bV5wpmM=,HMtSwR/apr18gfByVWyZNcPF4BI=
-8,-10,l3HgoaRoaqqZ1mZcRxp1bV5wpmM=,3BsbY/vRLnYpu2GksWxEmIWbwg8=
-12,-12,l3HgoaRoaqqZ1mZcRxp1bV5wpmM=,HMtSwR/apr18gfByVWyZNcPF4BI=
-11,-12,l3HgoaRoaqqZ1mZcRxp1bV5wpmM=,HMtSwR/apr18gfByVWyZNcPF4BI=
-3,-14,l3HgoaRoaqqZ1mZcRxp1bV5wpmM=,3BsbY/vRLnYpu2GksWxEmIWbwg8=
-14,-9,l3HgoaRoaqqZ1mZcRxp1bV5wpmM=,HMtSwR/apr18gfByVWyZNcPF4BI=
-10,-1,l3HgoaRoaqqZ1mZcRxp1bV5wpmM=,ZPWDNb+c8+VnM0a9GYJE6h5n5Fk=
-13,-16,l3HgoaRoaqqZ1mZcRxp1bV5wpmM=,HMtSwR/apr18gfByVWyZNcPF4BI=
-7,-16,l3HgoaRoaqqZ1mZcRxp1bV5wpmM=,3BsbY/vRLnYpu2GksWxEmIWbwg8=
-12,-4,l3HgoaRoaqqZ1mZcRxp1bV5wpmM=,ZPWDNb+c8+VnM0a9GYJE6h5n5Fk=
-11,-4,l3HgoaRoaqqZ1mZcRxp1bV5wpmM=,ZPWDNb+c8+VnM0a9GYJE6h5n5Fk=
-4,-14,l3HgoaRoaqqZ1mZcRxp1bV5wpmM=,3BsbY/vRLnYpu2GksWxEmIWbwg8=
-10,-4,l3HgoaRoaqqZ1mZcRxp1bV5wpmM=,ZPWDNb+c8+VnM0a9GYJE6h5n5Fk=
-12,-3,l3HgoaRoaqqZ1mZcRxp1bV5wpmM=,ZPWDNb+c8+VnM0a9GYJE6h5n5Fk=
-16,-16,l3HgoaRoaqqZ1mZcRxp1bV5wpmM=,HMtSwR/apr18gfByVWyZNcPF4BI=
-4,-8,l3HgoaRoaqqZ1mZcRxp1bV5wpmM=,xhkTJ+9cjYpwq50cAXr3SGRlJXk=
-8,-1,l3HgoaRoaqqZ1mZcRxp1bV5wpmM=,xhkTJ+9cjYpwq50cAXr3SGRlJXk=
-15,-13,l3HgoaRoaqqZ1mZcRxp1bV5wpmM=,HMtSwR/apr18gfByVWyZNcPF4BI=
-14,-16,l3HgoaRoaqqZ1mZcRxp1bV5wpmM=,HMtSwR/apr18gfByVWyZNcPF4BI=
-3,-8,l3HgoaRoaqqZ1mZcRxp1bV5wpmM=,xhkTJ+9cjYpwq50cAXr3SGRlJXk=
-2,-14,l3HgoaRoaqqZ1mZcRxp1bV5wpmM=,3BsbY/vRLnYpu2GksWxEmIWbwg8=
-1,-9,l3HgoaRoaqqZ1mZcRxp1bV5wpmM=,3BsbY/vRLnYpu2GksWxEmIWbwg8=
-8,-3,l3HgoaRoaqqZ1mZcRxp1bV5wpmM=,xhkTJ+9cjYpwq50cAXr3SGRlJXk=
-13,-13,l3HgoaRoaqqZ1mZcRxp1bV5wpmM=,HMtSwR/apr18gfByVWyZNcPF4BI=
-4,-5,l3HgoaRoaqqZ1mZcRxp1bV5wpmM=,xhkTJ+9cjYpwq50cAXr3SGRlJXk=
-11,-1,l3HgoaRoaqqZ1mZcRxp1bV5wpmM=,ZPWDNb+c8+VnM0a9GYJE6h5n5Fk=
-13,-14,l3HgoaRoaqqZ1mZcRxp1bV5wpmM=,HMtSwR/apr18gfByVWyZNcPF4BI=
-4,-13,l3HgoaRoaqqZ1mZcRxp1bV5wpmM=,3BsbY/vRLnYpu2GksWxEmIWbwg8=
-2,-13,l3HgoaRoaqqZ1mZcRxp1bV5wpmM=,3BsbY/vRLnYpu2GksWxEmIWbwg8=
-10,-3,l3HgoaRoaqqZ1mZcRxp1bV5wpmM=,ZPWDNb+c8+VnM0a9GYJE6h5n5Fk=
-3,-13,l3HgoaRoaqqZ1mZcRxp1bV5wpmM=,3BsbY/vRLnYpu2GksWxEmIWbwg8=
-11,-3,l3HgoaRoaqqZ1mZcRxp1bV5wpmM=,ZPWDNb+c8+VnM0a9GYJE6h5n5Fk=
-2,-8,l3HgoaRoaqqZ1mZcRxp1bV5wpmM=,xhkTJ+9cjYpwq50cAXr3SGRlJXk=
-12,-2,l3HgoaRoaqqZ1mZcRxp1bV5wpmM=,ZPWDNb+c8+VnM0a9GYJE6h5n5Fk=
-14,-13,l3HgoaRoaqqZ1mZcRxp1bV5wpmM=,HMtSwR/apr18gfByVWyZNcPF4BI=
-13,-12,l3HgoaRoaqqZ1mZcRxp1bV5wpmM=,HMtSwR/apr18gfByVWyZNcPF4BI=
-7,-3,l3HgoaRoaqqZ1mZcRxp1bV5wpmM=,xhkTJ+9cjYpwq50cAXr3SGRlJXk=
-14,-15,l3HgoaRoaqqZ1mZcRxp1bV5wpmM=,HMtSwR/apr18gfByVWyZNcPF4BI=
-4,-12,l3HgoaRoaqqZ1mZcRxp1bV5wpmM=,3BsbY/vRLnYpu2GksWxEmIWbwg8=
-13,-15,l3HgoaRoaqqZ1mZcRxp1bV5wpmM=,HMtSwR/apr18gfByVWyZNcPF4BI=
-7,-1,l3HgoaRoaqqZ1mZcRxp1bV5wpmM=,xhkTJ+9cjYpwq50cAXr3SGRlJXk=
-15,-16,l3HgoaRoaqqZ1mZcRxp1bV5wpmM=,HMtSwR/apr18gfByVWyZNcPF4BI=
-14,-14,l3HgoaRoaqqZ1mZcRxp1bV5wpmM=,HMtSwR/apr18gfByVWyZNcPF4BI=
-8,-6,l3HgoaRoaqqZ1mZcRxp1bV5wpmM=,xhkTJ+9cjYpwq50cAXr3SGRlJXk=
-16,-14,l3HgoaRoaqqZ1mZcRxp1bV5wpmM=,HMtSwR/apr18gfByVWyZNcPF4BI=
-16,-13,l3HgoaRoaqqZ1mZcRxp1bV5wpmM=,HMtSwR/apr18gfByVWyZNcPF4BI=
-8,-8,l3HgoaRoaqqZ1mZcRxp1bV5wpmM=,xhkTJ+9cjYpwq50cAXr3SGRlJXk=
-2,-7,l3HgoaRoaqqZ1mZcRxp1bV5wpmM=,xhkTJ+9cjYpwq50cAXr3SGRlJXk=
-8,-12,l3HgoaRoaqqZ1mZcRxp1bV5wpmM=,3BsbY/vRLnYpu2GksWxEmIWbwg8=
-9,-4,l3HgoaRoaqqZ1mZcRxp1bV5wpmM=,ZPWDNb+c8+VnM0a9GYJE6h5n5Fk=
-11,-2,l3HgoaRoaqqZ1mZcRxp1bV5wpmM=,ZPWDNb+c8+VnM0a9GYJE6h5n5Fk=
-14,-12,l3HgoaRoaqqZ1mZcRxp1bV5wpmM=,HMtSwR/apr18gfByVWyZNcPF4BI=
-16,-15,l3HgoaRoaqqZ1mZcRxp1bV5wpmM=,HMtSwR/apr18gfByVWyZNcPF4BI=
-12,-1,l3HgoaRoaqqZ1mZcRxp1bV5wpmM=,ZPWDNb+c8+VnM0a9GYJE6h5n5Fk=
-9,-3,l3HgoaRoaqqZ1mZcRxp1bV5wpmM=,ZPWDNb+c8+VnM0a9GYJE6h5n5Fk=
-10,-2,l3HgoaRoaqqZ1mZcRxp1bV5wpmM=,ZPWDNb+c8+VnM0a9GYJE6h5n5Fk=
-1,-15,l3HgoaRoaqqZ1mZcRxp1bV5wpmM=,3BsbY/vRLnYpu2GksWxEmIWbwg8=
-15,-15,l3HgoaRoaqqZ1mZcRxp1bV5wpmM=,HMtSwR/apr18gfByVWyZNcPF4BI=
-6,-1,l3HgoaRoaqqZ1mZcRxp1bV5wpmM=,xhkTJ+9cjYpwq50cAXr3SGRlJXk=
-15,-14,l3HgoaRoaqqZ1mZcRxp1bV5wpmM=,HMtSwR/apr18gfByVWyZNcPF4BI=
-3,-12,l3HgoaRoaqqZ1mZcRxp1bV5wpmM=,3BsbY/vRLnYpu2GksWxEmIWbwg8=
-8,-5,l3HgoaRoaqqZ1mZcRxp1bV5wpmM=,xhkTJ+9cjYpwq50cAXr3SGRlJXk=
-2,-12,l3HgoaRoaqqZ1mZcRxp1bV5wpmM=,3BsbY/vRLnYpu2GksWxEmIWbwg8=
-6,-5,l3HgoaRoaqqZ1mZcRxp1bV5wpmM=,xhkTJ+9cjYpwq50cAXr3SGRlJXk=
-1,-7,l3HgoaRoaqqZ1mZcRxp1bV5wpmM=,xhkTJ+9cjYpwq50cAXr3SGRlJXk=
-7,-5,l3HgoaRoaqqZ1mZcRxp1bV5wpmM=,xhkTJ+9cjYpwq50cAXr3SGRlJXk=
-5,-3,l3HgoaRoaqqZ1mZcRxp1bV5wpmM=,xhkTJ+9cjYpwq50cAXr3SGRlJXk=
-4,-3,l3HgoaRoaqqZ1mZcRxp1bV5wpmM=,xhkTJ+9cjYpwq50cAXr3SGRlJXk=
-9,-2,l3HgoaRoaqqZ1mZcRxp1bV5wpmM=,ZPWDNb+c8+VnM0a9GYJE6h5n5Fk=
-7,-7,l3HgoaRoaqqZ1mZcRxp1bV5wpmM=,xhkTJ+9cjYpwq50cAXr3SGRlJXk=
-6,-8,l3HgoaRoaqqZ1mZcRxp1bV5wpmM=,xhkTJ+9cjYpwq50cAXr3SGRlJXk=
-6,-3,l3HgoaRoaqqZ1mZcRxp1bV5wpmM=,xhkTJ+9cjYpwq50cAXr3SGRlJXk=
-1,-16,l3HgoaRoaqqZ1mZcRxp1bV5wpmM=,3BsbY/vRLnYpu2GksWxEmIWbwg8=
-8,-4,l3HgoaRoaqqZ1mZcRxp1bV5wpmM=,xhkTJ+9cjYpwq50cAXr3SGRlJXk=
-4,-11,l3HgoaRoaqqZ1mZcRxp1bV5wpmM=,3BsbY/vRLnYpu2GksWxEmIWbwg8=
-6,-7,l3HgoaRoaqqZ1mZcRxp1bV5wpmM=,xhkTJ+9cjYpwq50cAXr3SGRlJXk=
-8,-2,l3HgoaRoaqqZ1mZcRxp1bV5wpmM=,xhkTJ+9cjYpwq50cAXr3SGRlJXk=
-5,-8,l3HgoaRoaqqZ1mZcRxp1bV5wpmM=,xhkTJ+9cjYpwq50cAXr3SGRlJXk=
-5,-1,l3HgoaRoaqqZ1mZcRxp1bV5wpmM=,xhkTJ+9cjYpwq50cAXr3SGRlJXk=
-7,-4,l3HgoaRoaqqZ1mZcRxp1bV5wpmM=,xhkTJ+9cjYpwq50cAXr3SGRlJXk=
-7,-8,l3HgoaRoaqqZ1mZcRxp1bV5wpmM=,xhkTJ+9cjYpwq50cAXr3SGRlJXk=
-7,-2,l3HgoaRoaqqZ1mZcRxp1bV5wpmM=,xhkTJ+9cjYpwq50cAXr3SGRlJXk=
-3,-11,l3HgoaRoaqqZ1mZcRxp1bV5wpmM=,3BsbY/vRLnYpu2GksWxEmIWbwg8=
-5,-5,l3HgoaRoaqqZ1mZcRxp1bV5wpmM=,xhkTJ+9cjYpwq50cAXr3SGRlJXk=
-8,-7,l3HgoaRoaqqZ1mZcRxp1bV5wpmM=,xhkTJ+9cjYpwq50cAXr3SGRlJXk=
-3,-3,l3HgoaRoaqqZ1mZcRxp1bV5wpmM=,xhkTJ+9cjYpwq50cAXr3SGRlJXk=
-3,-4,l3HgoaRoaqqZ1mZcRxp1bV5wpmM=,xhkTJ+9cjYpwq50cAXr3SGRlJXk=
-1,-12,l3HgoaRoaqqZ1mZcRxp1bV5wpmM=,3BsbY/vRLnYpu2GksWxEmIWbwg8=
-4,-4,l3HgoaRoaqqZ1mZcRxp1bV5wpmM=,xhkTJ+9cjYpwq50cAXr3SGRlJXk=
-6,-2,l3HgoaRoaqqZ1mZcRxp1bV5wpmM=,xhkTJ+9cjYpwq50cAXr3SGRlJXk=
-4,-1,l3HgoaRoaqqZ1mZcRxp1bV5wpmM=,xhkTJ+9cjYpwq50cAXr3SGRlJXk=
-3,-5,l3HgoaRoaqqZ1mZcRxp1bV5wpmM=,xhkTJ+9cjYpwq50cAXr3SGRlJXk=
-4,-2,l3HgoaRoaqqZ1mZcRxp1bV5wpmM=,xhkTJ+9cjYpwq50cAXr3SGRlJXk=
-6,-4,l3HgoaRoaqqZ1mZcRxp1bV5wpmM=,xhkTJ+9cjYpwq50cAXr3SGRlJXk=
-3,-1,l3HgoaRoaqqZ1mZcRxp1bV5wpmM=,xhkTJ+9cjYpwq50cAXr3SGRlJXk=
-4,-7,l3HgoaRoaqqZ1mZcRxp1bV5wpmM=,xhkTJ+9cjYpwq50cAXr3SGRlJXk=
-4,-6,l3HgoaRoaqqZ1mZcRxp1bV5wpmM=,xhkTJ+9cjYpwq50cAXr3SGRlJXk=
-3,-2,l3HgoaRoaqqZ1mZcRxp1bV5wpmM=,xhkTJ+9cjYpwq50cAXr3SGRlJXk=
-2,-11,l3HgoaRoaqqZ1mZcRxp1bV5wpmM=,3BsbY/vRLnYpu2GksWxEmIWbwg8=
-1,-1,l3HgoaRoaqqZ1mZcRxp1bV5wpmM=,xhkTJ+9cjYpwq50cAXr3SGRlJXk=
-3,-10,l3HgoaRoaqqZ1mZcRxp1bV5wpmM=,3BsbY/vRLnYpu2GksWxEmIWbwg8=
-5,-2,l3HgoaRoaqqZ1mZcRxp1bV5wpmM=,xhkTJ+9cjYpwq50cAXr3SGRlJXk=
-2,-10,l3HgoaRoaqqZ1mZcRxp1bV5wpmM=,3BsbY/vRLnYpu2GksWxEmIWbwg8=
-1,-13,l3HgoaRoaqqZ1mZcRxp1bV5wpmM=,3BsbY/vRLnYpu2GksWxEmIWbwg8=
-2,-3,l3HgoaRoaqqZ1mZcRxp1bV5wpmM=,xhkTJ+9cjYpwq50cAXr3SGRlJXk=
-2,-1,l3HgoaRoaqqZ1mZcRxp1bV5wpmM=,xhkTJ+9cjYpwq50cAXr3SGRlJXk=
-3,-7,l3HgoaRoaqqZ1mZcRxp1bV5wpmM=,xhkTJ+9cjYpwq50cAXr3SGRlJXk=
-2,-4,l3HgoaRoaqqZ1mZcRxp1bV5wpmM=,xhkTJ+9cjYpwq50cAXr3SGRlJXk=
-4,-10,l3HgoaRoaqqZ1mZcRxp1bV5wpmM=,3BsbY/vRLnYpu2GksWxEmIWbwg8=
-3,-9,l3HgoaRoaqqZ1mZcRxp1bV5wpmM=,3BsbY/vRLnYpu2GksWxEmIWbwg8=
-4,-9,l3HgoaRoaqqZ1mZcRxp1bV5wpmM=,3BsbY/vRLnYpu2GksWxEmIWbwg8=
-1,-3,l3HgoaRoaqqZ1mZcRxp1bV5wpmM=,xhkTJ+9cjYpwq50cAXr3SGRlJXk=
-2,-9,l3HgoaRoaqqZ1mZcRxp1bV5wpmM=,3BsbY/vRLnYpu2GksWxEmIWbwg8=
-3,-15,l3HgoaRoaqqZ1mZcRxp1bV5wpmM=,3BsbY/vRLnYpu2GksWxEmIWbwg8=
-2,-6,l3HgoaRoaqqZ1mZcRxp1bV5wpmM=,xhkTJ+9cjYpwq50cAXr3SGRlJXk=
-4,-16,l3HgoaRoaqqZ1mZcRxp1bV5wpmM=,3BsbY/vRLnYpu2GksWxEmIWbwg8=
-2,-5,l3HgoaRoaqqZ1mZcRxp1bV5wpmM=,xhkTJ+9cjYpwq50cAXr3SGRlJXk=
-1,-14,l3HgoaRoaqqZ1mZcRxp1bV5wpmM=,3BsbY/vRLnYpu2GksWxEmIWbwg8=
-5,-4,l3HgoaRoaqqZ1mZcRxp1bV5wpmM=,xhkTJ+9cjYpwq50cAXr3SGRlJXk=
-4,-15,l3HgoaRoaqqZ1mZcRxp1bV5wpmM=,3BsbY/vRLnYpu2GksWxEmIWbwg8=
-1,-2,l3HgoaRoaqqZ1mZcRxp1bV5wpmM=,xhkTJ+9cjYpwq50cAXr3SGRlJXk=
-1,-5,l3HgoaRoaqqZ1mZcRxp1bV5wpmM=,xhkTJ+9cjYpwq50cAXr3SGRlJXk=
-3,-16,l3HgoaRoaqqZ1mZcRxp1bV5wpmM=,3BsbY/vRLnYpu2GksWxEmIWbwg8=
-2,-15,l3HgoaRoaqqZ1mZcRxp1bV5wpmM=,3BsbY/vRLnYpu2GksWxEmIWbwg8=
-1,-6,l3HgoaRoaqqZ1mZcRxp1bV5wpmM=,xhkTJ+9cjYpwq50cAXr3SGRlJXk=
-1,-4,l3HgoaRoaqqZ1mZcRxp1bV5wpmM=,xhkTJ+9cjYpwq50cAXr3SGRlJXk=
-2,-16,l3HgoaRoaqqZ1mZcRxp1bV5wpmM=,3BsbY/vRLnYpu2GksWxEmIWbwg8=
-3,-6,l3HgoaRoaqqZ1mZcRxp1bV5wpmM=,xhkTJ+9cjYpwq50cAXr3SGRlJXk=
-2,-2,l3HgoaRoaqqZ1mZcRxp1bV5wpmM=,xhkTJ+9cjYpwq50cAXr3SGRlJXk=
-5,-24,gtJxxb4VrH8I1ZbfIOwhc61iJaM=,Y+8xSwvMgW6xXnlAECYkQUktM3M=
-12,-24,gtJxxb4VrH8I1ZbfIOwhc61iJaM=,CHuhdaYwR47ujLbMWaCs6M7CKEc=
-12,-23,gtJxxb4VrH8I1ZbfIOwhc61iJaM=,CHuhdaYwR47ujLbMWaCs6M7CKEc=
-10,-23,gtJxxb4VrH8I1ZbfIOwhc61iJaM=,CHuhdaYwR47ujLbMWaCs6M7CKEc=
-11,-23,gtJxxb4VrH8I1ZbfIOwhc61iJaM=,CHuhdaYwR47ujLbMWaCs6M7CKEc=
-7,-28,gtJxxb4VrH8I1ZbfIOwhc61iJaM=,QCMZC8u2nIX1Jg9XZGGMVTrpGN4=
-8,-24,gtJxxb4VrH8I1ZbfIOwhc61iJaM=,Y+8xSwvMgW6xXnlAECYkQUktM3M=
-9,-27,gtJxxb4VrH8I1ZbfIOwhc61iJaM=,Djox9+cbhRBDsqnR6EXs8QskIAE=
-11,-27,gtJxxb4VrH8I1ZbfIOwhc61iJaM=,Djox9+cbhRBDsqnR6EXs8QskIAE=
-10,-27,gtJxxb4VrH8I1ZbfIOwhc61iJaM=,Djox9+cbhRBDsqnR6EXs8QskIAE=
-8,-25,gtJxxb4VrH8I1ZbfIOwhc61iJaM=,QCMZC8u2nIX1Jg9XZGGMVTrpGN4=
-8,-26,gtJxxb4VrH8I1ZbfIOwhc61iJaM=,QCMZC8u2nIX1Jg9XZGGMVTrpGN4=
-10,-28,gtJxxb4VrH8I1ZbfIOwhc61iJaM=,Djox9+cbhRBDsqnR6EXs8QskIAE=
-11,-24,gtJxxb4VrH8I1ZbfIOwhc61iJaM=,CHuhdaYwR47ujLbMWaCs6M7CKEc=
-8,-28,gtJxxb4VrH8I1ZbfIOwhc61iJaM=,QCMZC8u2nIX1Jg9XZGGMVTrpGN4=
-11,-28,gtJxxb4VrH8I1ZbfIOwhc61iJaM=,Djox9+cbhRBDsqnR6EXs8QskIAE=
-9,-28,gtJxxb4VrH8I1ZbfIOwhc61iJaM=,Djox9+cbhRBDsqnR6EXs8QskIAE=
-12,-27,gtJxxb4VrH8I1ZbfIOwhc61iJaM=,Djox9+cbhRBDsqnR6EXs8QskIAE=
-8,-27,gtJxxb4VrH8I1ZbfIOwhc61iJaM=,QCMZC8u2nIX1Jg9XZGGMVTrpGN4=
-12,-28,gtJxxb4VrH8I1ZbfIOwhc61iJaM=,Djox9+cbhRBDsqnR6EXs8QskIAE=
-12,-26,gtJxxb4VrH8I1ZbfIOwhc61iJaM=,Djox9+cbhRBDsqnR6EXs8QskIAE=
-10,-24,gtJxxb4VrH8I1ZbfIOwhc61iJaM=,CHuhdaYwR47ujLbMWaCs6M7CKEc=
-9,-24,gtJxxb4VrH8I1ZbfIOwhc61iJaM=,CHuhdaYwR47ujLbMWaCs6M7CKEc=
-11,-26,gtJxxb4VrH8I1ZbfIOwhc61iJaM=,Djox9+cbhRBDsqnR6EXs8QskIAE=
-9,-21,gtJxxb4VrH8I1ZbfIOwhc61iJaM=,CHuhdaYwR47ujLbMWaCs6M7CKEc=
-9,-22,gtJxxb4VrH8I1ZbfIOwhc61iJaM=,CHuhdaYwR47ujLbMWaCs6M7CKEc=
-10,-26,gtJxxb4VrH8I1ZbfIOwhc61iJaM=,Djox9+cbhRBDsqnR6EXs8QskIAE=
-9,-23,gtJxxb4VrH8I1ZbfIOwhc61iJaM=,CHuhdaYwR47ujLbMWaCs6M7CKEc=
-9,-26,gtJxxb4VrH8I1ZbfIOwhc61iJaM=,Djox9+cbhRBDsqnR6EXs8QskIAE=
-10,-21,gtJxxb4VrH8I1ZbfIOwhc61iJaM=,CHuhdaYwR47ujLbMWaCs6M7CKEc=
-12,-25,gtJxxb4VrH8I1ZbfIOwhc61iJaM=,Djox9+cbhRBDsqnR6EXs8QskIAE=
-11,-21,gtJxxb4VrH8I1ZbfIOwhc61iJaM=,CHuhdaYwR47ujLbMWaCs6M7CKEc=
-11,-25,gtJxxb4VrH8I1ZbfIOwhc61iJaM=,Djox9+cbhRBDsqnR6EXs8QskIAE=
-12,-21,gtJxxb4VrH8I1ZbfIOwhc61iJaM=,CHuhdaYwR47ujLbMWaCs6M7CKEc=
-8,-32,gtJxxb4VrH8I1ZbfIOwhc61iJaM=,QCMZC8u2nIX1Jg9XZGGMVTrpGN4=
-10,-25,gtJxxb4VrH8I1ZbfIOwhc61iJaM=,Djox9+cbhRBDsqnR6EXs8QskIAE=
-16,-25,gtJxxb4VrH8I1ZbfIOwhc61iJaM=,Djox9+cbhRBDsqnR6EXs8QskIAE=
-14,-25,gtJxxb4VrH8I1ZbfIOwhc61iJaM=,Djox9+cbhRBDsqnR6EXs8QskIAE=
-13,-25,gtJxxb4VrH8I1ZbfIOwhc61iJaM=,Djox9+cbhRBDsqnR6EXs8QskIAE=
-16,-24,gtJxxb4VrH8I1ZbfIOwhc61iJaM=,CHuhdaYwR47ujLbMWaCs6M7CKEc=
-10,-22,gtJxxb4VrH8I1ZbfIOwhc61iJaM=,CHuhdaYwR47ujLbMWaCs6M7CKEc=
-5,-32,gtJxxb4VrH8I1ZbfIOwhc61iJaM=,QCMZC8u2nIX1Jg9XZGGMVTrpGN4=
-16,-26,gtJxxb4VrH8I1ZbfIOwhc61iJaM=,Djox9+cbhRBDsqnR6EXs8QskIAE=
-11,-22,gtJxxb4VrH8I1ZbfIOwhc61iJaM=,CHuhdaYwR47ujLbMWaCs6M7CKEc=
-16,-21,gtJxxb4VrH8I1ZbfIOwhc61iJaM=,CHuhdaYwR47ujLbMWaCs6M7CKEc=
-6,-32,gtJxxb4VrH8I1ZbfIOwhc61iJaM=,QCMZC8u2nIX1Jg9XZGGMVTrpGN4=
-9,-25,gtJxxb4VrH8I1ZbfIOwhc61iJaM=,Djox9+cbhRBDsqnR6EXs8QskIAE=
-16,-22,gtJxxb4VrH8I1ZbfIOwhc61iJaM=,CHuhdaYwR47ujLbMWaCs6M7CKEc=
-12,-22,gtJxxb4VrH8I1ZbfIOwhc61iJaM=,CHuhdaYwR47ujLbMWaCs6M7CKEc=
-16,-27,gtJxxb4VrH8I1ZbfIOwhc61iJaM=,Djox9+cbhRBDsqnR6EXs8QskIAE=
-15,-25,gtJxxb4VrH8I1ZbfIOwhc61iJaM=,Djox9+cbhRBDsqnR6EXs8QskIAE=
-5,-25,gtJxxb4VrH8I1ZbfIOwhc61iJaM=,QCMZC8u2nIX1Jg9XZGGMVTrpGN4=
-14,-23,gtJxxb4VrH8I1ZbfIOwhc61iJaM=,CHuhdaYwR47ujLbMWaCs6M7CKEc=
-7,-32,gtJxxb4VrH8I1ZbfIOwhc61iJaM=,QCMZC8u2nIX1Jg9XZGGMVTrpGN4=
-16,-23,gtJxxb4VrH8I1ZbfIOwhc61iJaM=,CHuhdaYwR47ujLbMWaCs6M7CKEc=
-15,-23,gtJxxb4VrH8I1ZbfIOwhc61iJaM=,CHuhdaYwR47ujLbMWaCs6M7CKEc=
-16,-17,gtJxxb4VrH8I1ZbfIOwhc61iJaM=,CHuhdaYwR47ujLbMWaCs6M7CKEc=
-16,-28,gtJxxb4VrH8I1ZbfIOwhc61iJaM=,Djox9+cbhRBDsqnR6EXs8QskIAE=
-14,-26,gtJxxb4VrH8I1ZbfIOwhc61iJaM=,Djox9+cbhRBDsqnR6EXs8QskIAE=
-9,-17,gtJxxb4VrH8I1ZbfIOwhc61iJaM=,CHuhdaYwR47ujLbMWaCs6M7CKEc=
-13,-17,gtJxxb4VrH8I1ZbfIOwhc61iJaM=,CHuhdaYwR47ujLbMWaCs6M7CKEc=
-8,-30,gtJxxb4VrH8I1ZbfIOwhc61iJaM=,QCMZC8u2nIX1Jg9XZGGMVTrpGN4=
-6,-25,gtJxxb4VrH8I1ZbfIOwhc61iJaM=,QCMZC8u2nIX1Jg9XZGGMVTrpGN4=
-13,-26,gtJxxb4VrH8I1ZbfIOwhc61iJaM=,Djox9+cbhRBDsqnR6EXs8QskIAE=
-10,-17,gtJxxb4VrH8I1ZbfIOwhc61iJaM=,CHuhdaYwR47ujLbMWaCs6M7CKEc=
-15,-24,gtJxxb4VrH8I1ZbfIOwhc61iJaM=,CHuhdaYwR47ujLbMWaCs6M7CKEc=
-14,-17,gtJxxb4VrH8I1ZbfIOwhc61iJaM=,CHuhdaYwR47ujLbMWaCs6M7CKEc=
-15,-28,gtJxxb4VrH8I1ZbfIOwhc61iJaM=,Djox9+cbhRBDsqnR6EXs8QskIAE=
-15,-26,gtJxxb4VrH8I1ZbfIOwhc61iJaM=,Djox9+cbhRBDsqnR6EXs8QskIAE=
-15,-27,gtJxxb4VrH8I1ZbfIOwhc61iJaM=,Djox9+cbhRBDsqnR6EXs8QskIAE=
-13,-27,gtJxxb4VrH8I1ZbfIOwhc61iJaM=,Djox9+cbhRBDsqnR6EXs8QskIAE=
-11,-17,gtJxxb4VrH8I1ZbfIOwhc61iJaM=,CHuhdaYwR47ujLbMWaCs6M7CKEc=
-5,-31,gtJxxb4VrH8I1ZbfIOwhc61iJaM=,QCMZC8u2nIX1Jg9XZGGMVTrpGN4=
-14,-27,gtJxxb4VrH8I1ZbfIOwhc61iJaM=,Djox9+cbhRBDsqnR6EXs8QskIAE=
-5,-26,gtJxxb4VrH8I1ZbfIOwhc61iJaM=,QCMZC8u2nIX1Jg9XZGGMVTrpGN4=
-15,-17,gtJxxb4VrH8I1ZbfIOwhc61iJaM=,CHuhdaYwR47ujLbMWaCs6M7CKEc=
-7,-25,gtJxxb4VrH8I1ZbfIOwhc61iJaM=,QCMZC8u2nIX1Jg9XZGGMVTrpGN4=
-13,-28,gtJxxb4VrH8I1ZbfIOwhc61iJaM=,Djox9+cbhRBDsqnR6EXs8QskIAE=
-8,-29,gtJxxb4VrH8I1ZbfIOwhc61iJaM=,QCMZC8u2nIX1Jg9XZGGMVTrpGN4=
-12,-17,gtJxxb4VrH8I1ZbfIOwhc61iJaM=,CHuhdaYwR47ujLbMWaCs6M7CKEc=
-9,-32,gtJxxb4VrH8I1ZbfIOwhc61iJaM=,Djox9+cbhRBDsqnR6EXs8QskIAE=
-14,-28,gtJxxb4VrH8I1ZbfIOwhc61iJaM=,Djox9+cbhRBDsqnR6EXs8QskIAE=
-15,-22,gtJxxb4VrH8I1ZbfIOwhc61iJaM=,CHuhdaYwR47ujLbMWaCs6M7CKEc=
-14,-24,gtJxxb4VrH8I1ZbfIOwhc61iJaM=,CHuhdaYwR47ujLbMWaCs6M7CKEc=
-13,-23,gtJxxb4VrH8I1ZbfIOwhc61iJaM=,CHuhdaYwR47ujLbMWaCs6M7CKEc=
-12,-30,gtJxxb4VrH8I1ZbfIOwhc61iJaM=,Djox9+cbhRBDsqnR6EXs8QskIAE=
-6,-28,gtJxxb4VrH8I1ZbfIOwhc61iJaM=,QCMZC8u2nIX1Jg9XZGGMVTrpGN4=
-9,-30,gtJxxb4VrH8I1ZbfIOwhc61iJaM=,Djox9+cbhRBDsqnR6EXs8QskIAE=
-6,-26,gtJxxb4VrH8I1ZbfIOwhc61iJaM=,QCMZC8u2nIX1Jg9XZGGMVTrpGN4=
-5,-29,gtJxxb4VrH8I1ZbfIOwhc61iJaM=,QCMZC8u2nIX1Jg9XZGGMVTrpGN4=
-8,-22,gtJxxb4VrH8I1ZbfIOwhc61iJaM=,Y+8xSwvMgW6xXnlAECYkQUktM3M=
-12,-29,gtJxxb4VrH8I1ZbfIOwhc61iJaM=,Djox9+cbhRBDsqnR6EXs8QskIAE=
-16,-18,gtJxxb4VrH8I1ZbfIOwhc61iJaM=,CHuhdaYwR47ujLbMWaCs6M7CKEc=
-7,-22,gtJxxb4VrH8I1ZbfIOwhc61iJaM=,Y+8xSwvMgW6xXnlAECYkQUktM3M=
-1,-26,gtJxxb4VrH8I1ZbfIOwhc61iJaM=,QCMZC8u2nIX1Jg9XZGGMVTrpGN4=
-13,-24,gtJxxb4VrH8I1ZbfIOwhc61iJaM=,CHuhdaYwR47ujLbMWaCs6M7CKEc=
-5,-22,gtJxxb4VrH8I1ZbfIOwhc61iJaM=,Y+8xSwvMgW6xXnlAECYkQUktM3M=
-7,-26,gtJxxb4VrH8I1ZbfIOwhc61iJaM=,QCMZC8u2nIX1Jg9XZGGMVTrpGN4=
-5,-21,gtJxxb4VrH8I1ZbfIOwhc61iJaM=,Y+8xSwvMgW6xXnlAECYkQUktM3M=
-6,-22,gtJxxb4VrH8I1ZbfIOwhc61iJaM=,Y+8xSwvMgW6xXnlAECYkQUktM3M=
-8,-31,gtJxxb4VrH8I1ZbfIOwhc61iJaM=,QCMZC8u2nIX1Jg9XZGGMVTrpGN4=
-9,-18,gtJxxb4VrH8I1ZbfIOwhc61iJaM=,CHuhdaYwR47ujLbMWaCs6M7CKEc=
-6,-21,gtJxxb4VrH8I1ZbfIOwhc61iJaM=,Y+8xSwvMgW6xXnlAECYkQUktM3M=
-16,-19,gtJxxb4VrH8I1ZbfIOwhc61iJaM=,CHuhdaYwR47ujLbMWaCs6M7CKEc=
-1,-27,gtJxxb4VrH8I1ZbfIOwhc61iJaM=,QCMZC8u2nIX1Jg9XZGGMVTrpGN4=
-5,-27,gtJxxb4VrH8I1ZbfIOwhc61iJaM=,QCMZC8u2nIX1Jg9XZGGMVTrpGN4=
-6,-29,gtJxxb4VrH8I1ZbfIOwhc61iJaM=,QCMZC8u2nIX1Jg9XZGGMVTrpGN4=
-8,-23,gtJxxb4VrH8I1ZbfIOwhc61iJaM=,Y+8xSwvMgW6xXnlAECYkQUktM3M=
-13,-21,gtJxxb4VrH8I1ZbfIOwhc61iJaM=,CHuhdaYwR47ujLbMWaCs6M7CKEc=
-11,-29,gtJxxb4VrH8I1ZbfIOwhc61iJaM=,Djox9+cbhRBDsqnR6EXs8QskIAE=
-6,-23,gtJxxb4VrH8I1ZbfIOwhc61iJaM=,Y+8xSwvMgW6xXnlAECYkQUktM3M=
-7,-23,gtJxxb4VrH8I1ZbfIOwhc61iJaM=,Y+8xSwvMgW6xXnlAECYkQUktM3M=
-8,-21,gtJxxb4VrH8I1ZbfIOwhc61iJaM=,Y+8xSwvMgW6xXnlAECYkQUktM3M=
-14,-22,gtJxxb4VrH8I1ZbfIOwhc61iJaM=,CHuhdaYwR47ujLbMWaCs6M7CKEc=
-7,-29,gtJxxb4VrH8I1ZbfIOwhc61iJaM=,QCMZC8u2nIX1Jg9XZGGMVTrpGN4=
-11,-30,gtJxxb4VrH8I1ZbfIOwhc61iJaM=,Djox9+cbhRBDsqnR6EXs8QskIAE=
-14,-20,gtJxxb4VrH8I1ZbfIOwhc61iJaM=,CHuhdaYwR47ujLbMWaCs6M7CKEc=
-10,-32,gtJxxb4VrH8I1ZbfIOwhc61iJaM=,Djox9+cbhRBDsqnR6EXs8QskIAE=
-15,-20,gtJxxb4VrH8I1ZbfIOwhc61iJaM=,CHuhdaYwR47ujLbMWaCs6M7CKEc=
-7,-27,gtJxxb4VrH8I1ZbfIOwhc61iJaM=,QCMZC8u2nIX1Jg9XZGGMVTrpGN4=
-5,-28,gtJxxb4VrH8I1ZbfIOwhc61iJaM=,QCMZC8u2nIX1Jg9XZGGMVTrpGN4=
-5,-23,gtJxxb4VrH8I1ZbfIOwhc61iJaM=,Y+8xSwvMgW6xXnlAECYkQUktM3M=
-6,-27,gtJxxb4VrH8I1ZbfIOwhc61iJaM=,QCMZC8u2nIX1Jg9XZGGMVTrpGN4=
-13,-20,gtJxxb4VrH8I1ZbfIOwhc61iJaM=,CHuhdaYwR47ujLbMWaCs6M7CKEc=
-9,-19,gtJxxb4VrH8I1ZbfIOwhc61iJaM=,CHuhdaYwR47ujLbMWaCs6M7CKEc=
-10,-29,gtJxxb4VrH8I1ZbfIOwhc61iJaM=,Djox9+cbhRBDsqnR6EXs8QskIAE=
-6,-31,gtJxxb4VrH8I1ZbfIOwhc61iJaM=,QCMZC8u2nIX1Jg9XZGGMVTrpGN4=
-14,-21,gtJxxb4VrH8I1ZbfIOwhc61iJaM=,CHuhdaYwR47ujLbMWaCs6M7CKEc=
-7,-21,gtJxxb4VrH8I1ZbfIOwhc61iJaM=,Y+8xSwvMgW6xXnlAECYkQUktM3M=
-15,-19,gtJxxb4VrH8I1ZbfIOwhc61iJaM=,CHuhdaYwR47ujLbMWaCs6M7CKEc=
-16,-20,gtJxxb4VrH8I1ZbfIOwhc61iJaM=,CHuhdaYwR47ujLbMWaCs6M7CKEc=
-9,-29,gtJxxb4VrH8I1ZbfIOwhc61iJaM=,Djox9+cbhRBDsqnR6EXs8QskIAE=
-15,-21,gtJxxb4VrH8I1ZbfIOwhc61iJaM=,CHuhdaYwR47ujLbMWaCs6M7CKEc=
-14,-19,gtJxxb4VrH8I1ZbfIOwhc61iJaM=,CHuhdaYwR47ujLbMWaCs6M7CKEc=
-13,-19,gtJxxb4VrH8I1ZbfIOwhc61iJaM=,CHuhdaYwR47ujLbMWaCs6M7CKEc=
-1,-28,gtJxxb4VrH8I1ZbfIOwhc61iJaM=,QCMZC8u2nIX1Jg9XZGGMVTrpGN4=
-6,-24,gtJxxb4VrH8I1ZbfIOwhc61iJaM=,Y+8xSwvMgW6xXnlAECYkQUktM3M=
-7,-24,gtJxxb4VrH8I1ZbfIOwhc61iJaM=,Y+8xSwvMgW6xXnlAECYkQUktM3M=
-11,-20,gtJxxb4VrH8I1ZbfIOwhc61iJaM=,CHuhdaYwR47ujLbMWaCs6M7CKEc=
-13,-18,gtJxxb4VrH8I1ZbfIOwhc61iJaM=,CHuhdaYwR47ujLbMWaCs6M7CKEc=
-12,-20,gtJxxb4VrH8I1ZbfIOwhc61iJaM=,CHuhdaYwR47ujLbMWaCs6M7CKEc=
-13,-22,gtJxxb4VrH8I1ZbfIOwhc61iJaM=,CHuhdaYwR47ujLbMWaCs6M7CKEc=
-6,-17,gtJxxb4VrH8I1ZbfIOwhc61iJaM=,Y+8xSwvMgW6xXnlAECYkQUktM3M=
-2,-32,gtJxxb4VrH8I1ZbfIOwhc61iJaM=,QCMZC8u2nIX1Jg9XZGGMVTrpGN4=
-7,-17,gtJxxb4VrH8I1ZbfIOwhc61iJaM=,Y+8xSwvMgW6xXnlAECYkQUktM3M=
-7,-31,gtJxxb4VrH8I1ZbfIOwhc61iJaM=,QCMZC8u2nIX1Jg9XZGGMVTrpGN4=
-8,-20,gtJxxb4VrH8I1ZbfIOwhc61iJaM=,Y+8xSwvMgW6xXnlAECYkQUktM3M=
-10,-20,gtJxxb4VrH8I1ZbfIOwhc61iJaM=,CHuhdaYwR47ujLbMWaCs6M7CKEc=
-12,-19,gtJxxb4VrH8I1ZbfIOwhc61iJaM=,CHuhdaYwR47ujLbMWaCs6M7CKEc=
-2,-25,gtJxxb4VrH8I1ZbfIOwhc61iJaM=,QCMZC8u2nIX1Jg9XZGGMVTrpGN4=
-9,-20,gtJxxb4VrH8I1ZbfIOwhc61iJaM=,CHuhdaYwR47ujLbMWaCs6M7CKEc=
-11,-18,gtJxxb4VrH8I1ZbfIOwhc61iJaM=,CHuhdaYwR47ujLbMWaCs6M7CKEc=
-12,-31,gtJxxb4VrH8I1ZbfIOwhc61iJaM=,Djox9+cbhRBDsqnR6EXs8QskIAE=
-11,-19,gtJxxb4VrH8I1ZbfIOwhc61iJaM=,CHuhdaYwR47ujLbMWaCs6M7CKEc=
-5,-17,gtJxxb4VrH8I1ZbfIOwhc61iJaM=,Y+8xSwvMgW6xXnlAECYkQUktM3M=
-10,-19,gtJxxb4VrH8I1ZbfIOwhc61iJaM=,CHuhdaYwR47ujLbMWaCs6M7CKEc=
-14,-18,gtJxxb4VrH8I1ZbfIOwhc61iJaM=,CHuhdaYwR47ujLbMWaCs6M7CKEc=
-12,-18,gtJxxb4VrH8I1ZbfIOwhc61iJaM=,CHuhdaYwR47ujLbMWaCs6M7CKEc=
-15,-18,gtJxxb4VrH8I1ZbfIOwhc61iJaM=,CHuhdaYwR47ujLbMWaCs6M7CKEc=
-12,-32,gtJxxb4VrH8I1ZbfIOwhc61iJaM=,Djox9+cbhRBDsqnR6EXs8QskIAE=
-10,-18,gtJxxb4VrH8I1ZbfIOwhc61iJaM=,CHuhdaYwR47ujLbMWaCs6M7CKEc=
-7,-18,gtJxxb4VrH8I1ZbfIOwhc61iJaM=,Y+8xSwvMgW6xXnlAECYkQUktM3M=
-11,-32,gtJxxb4VrH8I1ZbfIOwhc61iJaM=,Djox9+cbhRBDsqnR6EXs8QskIAE=
-5,-30,gtJxxb4VrH8I1ZbfIOwhc61iJaM=,QCMZC8u2nIX1Jg9XZGGMVTrpGN4=
-6,-18,gtJxxb4VrH8I1ZbfIOwhc61iJaM=,Y+8xSwvMgW6xXnlAECYkQUktM3M=
-8,-18,gtJxxb4VrH8I1ZbfIOwhc61iJaM=,Y+8xSwvMgW6xXnlAECYkQUktM3M=
-3,-25,gtJxxb4VrH8I1ZbfIOwhc61iJaM=,QCMZC8u2nIX1Jg9XZGGMVTrpGN4=
-3,-32,gtJxxb4VrH8I1ZbfIOwhc61iJaM=,QCMZC8u2nIX1Jg9XZGGMVTrpGN4=
-5,-18,gtJxxb4VrH8I1ZbfIOwhc61iJaM=,Y+8xSwvMgW6xXnlAECYkQUktM3M=
-16,-32,gtJxxb4VrH8I1ZbfIOwhc61iJaM=,Djox9+cbhRBDsqnR6EXs8QskIAE=
-4,-28,gtJxxb4VrH8I1ZbfIOwhc61iJaM=,QCMZC8u2nIX1Jg9XZGGMVTrpGN4=
-8,-17,gtJxxb4VrH8I1ZbfIOwhc61iJaM=,Y+8xSwvMgW6xXnlAECYkQUktM3M=
-11,-31,gtJxxb4VrH8I1ZbfIOwhc61iJaM=,Djox9+cbhRBDsqnR6EXs8QskIAE=
-8,-19,gtJxxb4VrH8I1ZbfIOwhc61iJaM=,Y+8xSwvMgW6xXnlAECYkQUktM3M=
-13,-30,gtJxxb4VrH8I1ZbfIOwhc61iJaM=,Djox9+cbhRBDsqnR6EXs8QskIAE=
-6,-30,gtJxxb4VrH8I1ZbfIOwhc61iJaM=,QCMZC8u2nIX1Jg9XZGGMVTrpGN4=
-3,-28,gtJxxb4VrH8I1ZbfIOwhc61iJaM=,QCMZC8u2nIX1Jg9XZGGMVTrpGN4=
-14,-30,gtJxxb4VrH8I1ZbfIOwhc61iJaM=,Djox9+cbhRBDsqnR6EXs8QskIAE=
-2,-18,gtJxxb4VrH8I1ZbfIOwhc61iJaM=,Y+8xSwvMgW6xXnlAECYkQUktM3M=
-1,-21,gtJxxb4VrH8I1ZbfIOwhc61iJaM=,Y+8xSwvMgW6xXnlAECYkQUktM3M=
-4,-27,gtJxxb4VrH8I1ZbfIOwhc61iJaM=,QCMZC8u2nIX1Jg9XZGGMVTrpGN4=
-1,-25,gtJxxb4VrH8I1ZbfIOwhc61iJaM=,QCMZC8u2nIX1Jg9XZGGMVTrpGN4=
-13,-31,gtJxxb4VrH8I1ZbfIOwhc61iJaM=,Djox9+cbhRBDsqnR6EXs8QskIAE=
-15,-30,gtJxxb4VrH8I1ZbfIOwhc61iJaM=,Djox9+cbhRBDsqnR6EXs8QskIAE=
-14,-31,gtJxxb4VrH8I1ZbfIOwhc61iJaM=,Djox9+cbhRBDsqnR6EXs8QskIAE=
-1,-32,gtJxxb4VrH8I1ZbfIOwhc61iJaM=,QCMZC8u2nIX1Jg9XZGGMVTrpGN4=
-5,-20,gtJxxb4VrH8I1ZbfIOwhc61iJaM=,Y+8xSwvMgW6xXnlAECYkQUktM3M=
-15,-31,gtJxxb4VrH8I1ZbfIOwhc61iJaM=,Djox9+cbhRBDsqnR6EXs8QskIAE=
-2,-28,gtJxxb4VrH8I1ZbfIOwhc61iJaM=,QCMZC8u2nIX1Jg9XZGGMVTrpGN4=
-10,-31,gtJxxb4VrH8I1ZbfIOwhc61iJaM=,Djox9+cbhRBDsqnR6EXs8QskIAE=
-7,-30,gtJxxb4VrH8I1ZbfIOwhc61iJaM=,QCMZC8u2nIX1Jg9XZGGMVTrpGN4=
-4,-32,gtJxxb4VrH8I1ZbfIOwhc61iJaM=,QCMZC8u2nIX1Jg9XZGGMVTrpGN4=
-3,-27,gtJxxb4VrH8I1ZbfIOwhc61iJaM=,QCMZC8u2nIX1Jg9XZGGMVTrpGN4=
-15,-29,gtJxxb4VrH8I1ZbfIOwhc61iJaM=,Djox9+cbhRBDsqnR6EXs8QskIAE=
-7,-19,gtJxxb4VrH8I1ZbfIOwhc61iJaM=,Y+8xSwvMgW6xXnlAECYkQUktM3M=
-4,-30,gtJxxb4VrH8I1ZbfIOwhc61iJaM=,QCMZC8u2nIX1Jg9XZGGMVTrpGN4=
-4,-25,gtJxxb4VrH8I1ZbfIOwhc61iJaM=,QCMZC8u2nIX1Jg9XZGGMVTrpGN4=
-10,-30,gtJxxb4VrH8I1ZbfIOwhc61iJaM=,Djox9+cbhRBDsqnR6EXs8QskIAE=
-5,-19,gtJxxb4VrH8I1ZbfIOwhc61iJaM=,Y+8xSwvMgW6xXnlAECYkQUktM3M=
-6,-19,gtJxxb4VrH8I1ZbfIOwhc61iJaM=,Y+8xSwvMgW6xXnlAECYkQUktM3M=
-1,-19,gtJxxb4VrH8I1ZbfIOwhc61iJaM=,Y+8xSwvMgW6xXnlAECYkQUktM3M=
-3,-26,gtJxxb4VrH8I1ZbfIOwhc61iJaM=,QCMZC8u2nIX1Jg9XZGGMVTrpGN4=
-4,-26,gtJxxb4VrH8I1ZbfIOwhc61iJaM=,QCMZC8u2nIX1Jg9XZGGMVTrpGN4=
-6,-20,gtJxxb4VrH8I1ZbfIOwhc61iJaM=,Y+8xSwvMgW6xXnlAECYkQUktM3M=
-13,-29,gtJxxb4VrH8I1ZbfIOwhc61iJaM=,Djox9+cbhRBDsqnR6EXs8QskIAE=
-16,-31,gtJxxb4VrH8I1ZbfIOwhc61iJaM=,Djox9+cbhRBDsqnR6EXs8QskIAE=
-3,-30,gtJxxb4VrH8I1ZbfIOwhc61iJaM=,QCMZC8u2nIX1Jg9XZGGMVTrpGN4=
-7,-20,gtJxxb4VrH8I1ZbfIOwhc61iJaM=,Y+8xSwvMgW6xXnlAECYkQUktM3M=
-2,-26,gtJxxb4VrH8I1ZbfIOwhc61iJaM=,QCMZC8u2nIX1Jg9XZGGMVTrpGN4=
-9,-31,gtJxxb4VrH8I1ZbfIOwhc61iJaM=,Djox9+cbhRBDsqnR6EXs8QskIAE=
-3,-29,gtJxxb4VrH8I1ZbfIOwhc61iJaM=,QCMZC8u2nIX1Jg9XZGGMVTrpGN4=
-2,-30,gtJxxb4VrH8I1ZbfIOwhc61iJaM=,QCMZC8u2nIX1Jg9XZGGMVTrpGN4=
-2,-27,gtJxxb4VrH8I1ZbfIOwhc61iJaM=,QCMZC8u2nIX1Jg9XZGGMVTrpGN4=
-2,-29,gtJxxb4VrH8I1ZbfIOwhc61iJaM=,QCMZC8u2nIX1Jg9XZGGMVTrpGN4=
-4,-29,gtJxxb4VrH8I1ZbfIOwhc61iJaM=,QCMZC8u2nIX1Jg9XZGGMVTrpGN4=
-2,-31,gtJxxb4VrH8I1ZbfIOwhc61iJaM=,QCMZC8u2nIX1Jg9XZGGMVTrpGN4=
-16,-29,gtJxxb4VrH8I1ZbfIOwhc61iJaM=,Djox9+cbhRBDsqnR6EXs8QskIAE=
-16,-30,gtJxxb4VrH8I1ZbfIOwhc61iJaM=,Djox9+cbhRBDsqnR6EXs8QskIAE=
-4,-21,gtJxxb4VrH8I1ZbfIOwhc61iJaM=,Y+8xSwvMgW6xXnlAECYkQUktM3M=
-3,-31,gtJxxb4VrH8I1ZbfIOwhc61iJaM=,QCMZC8u2nIX1Jg9XZGGMVTrpGN4=
-15,-32,gtJxxb4VrH8I1ZbfIOwhc61iJaM=,Djox9+cbhRBDsqnR6EXs8QskIAE=
-1,-29,gtJxxb4VrH8I1ZbfIOwhc61iJaM=,QCMZC8u2nIX1Jg9XZGGMVTrpGN4=
-4,-31,gtJxxb4VrH8I1ZbfIOwhc61iJaM=,QCMZC8u2nIX1Jg9XZGGMVTrpGN4=
-14,-32,gtJxxb4VrH8I1ZbfIOwhc61iJaM=,Djox9+cbhRBDsqnR6EXs8QskIAE=
-14,-29,gtJxxb4VrH8I1ZbfIOwhc61iJaM=,Djox9+cbhRBDsqnR6EXs8QskIAE=
-1,-30,gtJxxb4VrH8I1ZbfIOwhc61iJaM=,QCMZC8u2nIX1Jg9XZGGMVTrpGN4=
-1,-31,gtJxxb4VrH8I1ZbfIOwhc61iJaM=,QCMZC8u2nIX1Jg9XZGGMVTrpGN4=
-1,-22,gtJxxb4VrH8I1ZbfIOwhc61iJaM=,Y+8xSwvMgW6xXnlAECYkQUktM3M=
-13,-32,gtJxxb4VrH8I1ZbfIOwhc61iJaM=,Djox9+cbhRBDsqnR6EXs8QskIAE=
-4,-20,gtJxxb4VrH8I1ZbfIOwhc61iJaM=,Y+8xSwvMgW6xXnlAECYkQUktM3M=
-2,-22,gtJxxb4VrH8I1ZbfIOwhc61iJaM=,Y+8xSwvMgW6xXnlAECYkQUktM3M=
-2,-19,gtJxxb4VrH8I1ZbfIOwhc61iJaM=,Y+8xSwvMgW6xXnlAECYkQUktM3M=
-4,-19,gtJxxb4VrH8I1ZbfIOwhc61iJaM=,Y+8xSwvMgW6xXnlAECYkQUktM3M=
-4,-22,gtJxxb4VrH8I1ZbfIOwhc61iJaM=,Y+8xSwvMgW6xXnlAECYkQUktM3M=
-4,-18,gtJxxb4VrH8I1ZbfIOwhc61iJaM=,Y+8xSwvMgW6xXnlAECYkQUktM3M=
-3,-18,gtJxxb4VrH8I1ZbfIOwhc61iJaM=,Y+8xSwvMgW6xXnlAECYkQUktM3M=
-3,-19,gtJxxb4VrH8I1ZbfIOwhc61iJaM=,Y+8xSwvMgW6xXnlAECYkQUktM3M=
-4,-23,gtJxxb4VrH8I1ZbfIOwhc61iJaM=,Y+8xSwvMgW6xXnlAECYkQUktM3M=
-2,-20,gtJxxb4VrH8I1ZbfIOwhc61iJaM=,Y+8xSwvMgW6xXnlAECYkQUktM3M=
-4,-24,gtJxxb4VrH8I1ZbfIOwhc61iJaM=,Y+8xSwvMgW6xXnlAECYkQUktM3M=
-3,-20,gtJxxb4VrH8I1ZbfIOwhc61iJaM=,Y+8xSwvMgW6xXnlAECYkQUktM3M=
-2,-23,gtJxxb4VrH8I1ZbfIOwhc61iJaM=,Y+8xSwvMgW6xXnlAECYkQUktM3M=
-1,-24,gtJxxb4VrH8I1ZbfIOwhc61iJaM=,Y+8xSwvMgW6xXnlAECYkQUktM3M=
-2,-24,gtJxxb4VrH8I1ZbfIOwhc61iJaM=,Y+8xSwvMgW6xXnlAECYkQUktM3M=
-3,-24,gtJxxb4VrH8I1ZbfIOwhc61iJaM=,Y+8xSwvMgW6xXnlAECYkQUktM3M=
-1,-17,gtJxxb4VrH8I1ZbfIOwhc61iJaM=,Y+8xSwvMgW6xXnlAECYkQUktM3M=
-2,-21,gtJxxb4VrH8I1ZbfIOwhc61iJaM=,Y+8xSwvMgW6xXnlAECYkQUktM3M=
-1,-18,gtJxxb4VrH8I1ZbfIOwhc61iJaM=,Y+8xSwvMgW6xXnlAECYkQUktM3M=
-3,-22,gtJxxb4VrH8I1ZbfIOwhc61iJaM=,Y+8xSwvMgW6xXnlAECYkQUktM3M=
-3,-21,gtJxxb4VrH8I1ZbfIOwhc61iJaM=,Y+8xSwvMgW6xXnlAECYkQUktM3M=
-3,-23,gtJxxb4VrH8I1ZbfIOwhc61iJaM=,Y+8xSwvMgW6xXnlAECYkQUktM3M=
-2,-17,gtJxxb4VrH8I1ZbfIOwhc61iJaM=,Y+8xSwvMgW6xXnlAECYkQUktM3M=
-4,-17,gtJxxb4VrH8I1ZbfIOwhc61iJaM=,Y+8xSwvMgW6xXnlAECYkQUktM3M=
-3,-17,gtJxxb4VrH8I1ZbfIOwhc61iJaM=,Y+8xSwvMgW6xXnlAECYkQUktM3M=
-1,-20,gtJxxb4VrH8I1ZbfIOwhc61iJaM=,Y+8xSwvMgW6xXnlAECYkQUktM3M=
-1,-23,gtJxxb4VrH8I1ZbfIOwhc61iJaM=,Y+8xSwvMgW6xXnlAECYkQUktM3M=
-31,-23,jb7YFWjg0WQKs9FgSE9EipClyKo=,izyzX2tuGJ/mOnxDXr4nm/whcus=
-26,-18,jb7YFWjg0WQKs9FgSE9EipClyKo=,izyzX2tuGJ/mOnxDXr4nm/whcus=
-27,-18,jb7YFWjg0WQKs9FgSE9EipClyKo=,izyzX2tuGJ/mOnxDXr4nm/whcus=
-28,-18,jb7YFWjg0WQKs9FgSE9EipClyKo=,izyzX2tuGJ/mOnxDXr4nm/whcus=
-29,-18,jb7YFWjg0WQKs9FgSE9EipClyKo=,izyzX2tuGJ/mOnxDXr4nm/whcus=
-30,-18,jb7YFWjg0WQKs9FgSE9EipClyKo=,izyzX2tuGJ/mOnxDXr4nm/whcus=
-31,-18,jb7YFWjg0WQKs9FgSE9EipClyKo=,izyzX2tuGJ/mOnxDXr4nm/whcus=
-26,-19,jb7YFWjg0WQKs9FgSE9EipClyKo=,izyzX2tuGJ/mOnxDXr4nm/whcus=
-27,-19,jb7YFWjg0WQKs9FgSE9EipClyKo=,izyzX2tuGJ/mOnxDXr4nm/whcus=
-28,-19,jb7YFWjg0WQKs9FgSE9EipClyKo=,izyzX2tuGJ/mOnxDXr4nm/whcus=
-29,-19,jb7YFWjg0WQKs9FgSE9EipClyKo=,izyzX2tuGJ/mOnxDXr4nm/whcus=
-30,-19,jb7YFWjg0WQKs9FgSE9EipClyKo=,izyzX2tuGJ/mOnxDXr4nm/whcus=
-31,-19,jb7YFWjg0WQKs9FgSE9EipClyKo=,izyzX2tuGJ/mOnxDXr4nm/whcus=
-26,-20,jb7YFWjg0WQKs9FgSE9EipClyKo=,izyzX2tuGJ/mOnxDXr4nm/whcus=
-27,-20,jb7YFWjg0WQKs9FgSE9EipClyKo=,izyzX2tuGJ/mOnxDXr4nm/whcus=
-28,-20,jb7YFWjg0WQKs9FgSE9EipClyKo=,izyzX2tuGJ/mOnxDXr4nm/whcus=
-29,-20,jb7YFWjg0WQKs9FgSE9EipClyKo=,izyzX2tuGJ/mOnxDXr4nm/whcus=
-30,-20,jb7YFWjg0WQKs9FgSE9EipClyKo=,izyzX2tuGJ/mOnxDXr4nm/whcus=
-31,-20,jb7YFWjg0WQKs9FgSE9EipClyKo=,izyzX2tuGJ/mOnxDXr4nm/whcus=
-26,-21,jb7YFWjg0WQKs9FgSE9EipClyKo=,izyzX2tuGJ/mOnxDXr4nm/whcus=
-27,-21,jb7YFWjg0WQKs9FgSE9EipClyKo=,izyzX2tuGJ/mOnxDXr4nm/whcus=
-28,-21,jb7YFWjg0WQKs9FgSE9EipClyKo=,izyzX2tuGJ/mOnxDXr4nm/whcus=
-29,-21,jb7YFWjg0WQKs9FgSE9EipClyKo=,izyzX2tuGJ/mOnxDXr4nm/whcus=
-30,-21,jb7YFWjg0WQKs9FgSE9EipClyKo=,izyzX2tuGJ/mOnxDXr4nm/whcus=
-31,-21,jb7YFWjg0WQKs9FgSE9EipClyKo=,izyzX2tuGJ/mOnxDXr4nm/whcus=
-26,-22,jb7YFWjg0WQKs9FgSE9EipClyKo=,izyzX2tuGJ/mOnxDXr4nm/whcus=
-28,-22,jb7YFWjg0WQKs9FgSE9EipClyKo=,izyzX2tuGJ/mOnxDXr4nm/whcus=
-27,-22,jb7YFWjg0WQKs9FgSE9EipClyKo=,izyzX2tuGJ/mOnxDXr4nm/whcus=
-29,-22,jb7YFWjg0WQKs9FgSE9EipClyKo=,izyzX2tuGJ/mOnxDXr4nm/whcus=
-31,-22,jb7YFWjg0WQKs9FgSE9EipClyKo=,izyzX2tuGJ/mOnxDXr4nm/whcus=
-30,-22,jb7YFWjg0WQKs9FgSE9EipClyKo=,izyzX2tuGJ/mOnxDXr4nm/whcus=
-26,-23,jb7YFWjg0WQKs9FgSE9EipClyKo=,izyzX2tuGJ/mOnxDXr4nm/whcus=
-28,-23,jb7YFWjg0WQKs9FgSE9EipClyKo=,izyzX2tuGJ/mOnxDXr4nm/whcus=
-27,-23,jb7YFWjg0WQKs9FgSE9EipClyKo=,izyzX2tuGJ/mOnxDXr4nm/whcus=
-29,-23,jb7YFWjg0WQKs9FgSE9EipClyKo=,izyzX2tuGJ/mOnxDXr4nm/whcus=
-30,-23,jb7YFWjg0WQKs9FgSE9EipClyKo=,izyzX2tuGJ/mOnxDXr4nm/whcus=
-28,-17,jb7YFWjg0WQKs9FgSE9EipClyKo=,izyzX2tuGJ/mOnxDXr4nm/whcus=
-27,-17,jb7YFWjg0WQKs9FgSE9EipClyKo=,izyzX2tuGJ/mOnxDXr4nm/whcus=
-31,-17,jb7YFWjg0WQKs9FgSE9EipClyKo=,izyzX2tuGJ/mOnxDXr4nm/whcus=
-26,-17,jb7YFWjg0WQKs9FgSE9EipClyKo=,izyzX2tuGJ/mOnxDXr4nm/whcus=
-30,-17,jb7YFWjg0WQKs9FgSE9EipClyKo=,izyzX2tuGJ/mOnxDXr4nm/whcus=
-29,-17,jb7YFWjg0WQKs9FgSE9EipClyKo=,izyzX2tuGJ/mOnxDXr4nm/whcus=
-31,-29,jb7YFWjg0WQKs9FgSE9EipClyKo=,2UOkcV/9/pz3mlCCJlIlicta1HM=
-30,-29,jb7YFWjg0WQKs9FgSE9EipClyKo=,2UOkcV/9/pz3mlCCJlIlicta1HM=
-29,-29,jb7YFWjg0WQKs9FgSE9EipClyKo=,2UOkcV/9/pz3mlCCJlIlicta1HM=
-28,-29,jb7YFWjg0WQKs9FgSE9EipClyKo=,2UOkcV/9/pz3mlCCJlIlicta1HM=
-30,-28,jb7YFWjg0WQKs9FgSE9EipClyKo=,2UOkcV/9/pz3mlCCJlIlicta1HM=
-31,-28,jb7YFWjg0WQKs9FgSE9EipClyKo=,2UOkcV/9/pz3mlCCJlIlicta1HM=
-29,-28,jb7YFWjg0WQKs9FgSE9EipClyKo=,2UOkcV/9/pz3mlCCJlIlicta1HM=
-28,-28,jb7YFWjg0WQKs9FgSE9EipClyKo=,2UOkcV/9/pz3mlCCJlIlicta1HM=
-31,-27,jb7YFWjg0WQKs9FgSE9EipClyKo=,2UOkcV/9/pz3mlCCJlIlicta1HM=
-30,-27,jb7YFWjg0WQKs9FgSE9EipClyKo=,2UOkcV/9/pz3mlCCJlIlicta1HM=
-29,-27,jb7YFWjg0WQKs9FgSE9EipClyKo=,2UOkcV/9/pz3mlCCJlIlicta1HM=
-28,-27,jb7YFWjg0WQKs9FgSE9EipClyKo=,2UOkcV/9/pz3mlCCJlIlicta1HM=
-31,-26,jb7YFWjg0WQKs9FgSE9EipClyKo=,2UOkcV/9/pz3mlCCJlIlicta1HM=
-30,-26,jb7YFWjg0WQKs9FgSE9EipClyKo=,2UOkcV/9/pz3mlCCJlIlicta1HM=
-28,-26,jb7YFWjg0WQKs9FgSE9EipClyKo=,2UOkcV/9/pz3mlCCJlIlicta1HM=
-26,-26,jb7YFWjg0WQKs9FgSE9EipClyKo=,2UOkcV/9/pz3mlCCJlIlicta1HM=
-29,-26,jb7YFWjg0WQKs9FgSE9EipClyKo=,2UOkcV/9/pz3mlCCJlIlicta1HM=
-27,-26,jb7YFWjg0WQKs9FgSE9EipClyKo=,2UOkcV/9/pz3mlCCJlIlicta1HM=
-30,-25,jb7YFWjg0WQKs9FgSE9EipClyKo=,2UOkcV/9/pz3mlCCJlIlicta1HM=
-31,-31,jb7YFWjg0WQKs9FgSE9EipClyKo=,2UOkcV/9/pz3mlCCJlIlicta1HM=
-29,-25,jb7YFWjg0WQKs9FgSE9EipClyKo=,2UOkcV/9/pz3mlCCJlIlicta1HM=
-28,-25,jb7YFWjg0WQKs9FgSE9EipClyKo=,2UOkcV/9/pz3mlCCJlIlicta1HM=
-31,-25,jb7YFWjg0WQKs9FgSE9EipClyKo=,2UOkcV/9/pz3mlCCJlIlicta1HM=
-27,-25,jb7YFWjg0WQKs9FgSE9EipClyKo=,2UOkcV/9/pz3mlCCJlIlicta1HM=
-26,-25,jb7YFWjg0WQKs9FgSE9EipClyKo=,2UOkcV/9/pz3mlCCJlIlicta1HM=
-31,-24,jb7YFWjg0WQKs9FgSE9EipClyKo=,izyzX2tuGJ/mOnxDXr4nm/whcus=
-29,-24,jb7YFWjg0WQKs9FgSE9EipClyKo=,izyzX2tuGJ/mOnxDXr4nm/whcus=
-30,-24,jb7YFWjg0WQKs9FgSE9EipClyKo=,izyzX2tuGJ/mOnxDXr4nm/whcus=
-28,-24,jb7YFWjg0WQKs9FgSE9EipClyKo=,izyzX2tuGJ/mOnxDXr4nm/whcus=
-31,-30,jb7YFWjg0WQKs9FgSE9EipClyKo=,2UOkcV/9/pz3mlCCJlIlicta1HM=
-27,-24,jb7YFWjg0WQKs9FgSE9EipClyKo=,izyzX2tuGJ/mOnxDXr4nm/whcus=
-30,-30,jb7YFWjg0WQKs9FgSE9EipClyKo=,2UOkcV/9/pz3mlCCJlIlicta1HM=
-28,-30,jb7YFWjg0WQKs9FgSE9EipClyKo=,2UOkcV/9/pz3mlCCJlIlicta1HM=
-29,-30,jb7YFWjg0WQKs9FgSE9EipClyKo=,2UOkcV/9/pz3mlCCJlIlicta1HM=
-26,-24,jb7YFWjg0WQKs9FgSE9EipClyKo=,izyzX2tuGJ/mOnxDXr4nm/whcus=
-24,-20,jb7YFWjg0WQKs9FgSE9EipClyKo=,izyzX2tuGJ/mOnxDXr4nm/whcus=
-23,-20,jb7YFWjg0WQKs9FgSE9EipClyKo=,izyzX2tuGJ/mOnxDXr4nm/whcus=
-22,-20,jb7YFWjg0WQKs9FgSE9EipClyKo=,izyzX2tuGJ/mOnxDXr4nm/whcus=
-21,-20,jb7YFWjg0WQKs9FgSE9EipClyKo=,izyzX2tuGJ/mOnxDXr4nm/whcus=
-24,-21,jb7YFWjg0WQKs9FgSE9EipClyKo=,izyzX2tuGJ/mOnxDXr4nm/whcus=
-25,-23,jb7YFWjg0WQKs9FgSE9EipClyKo=,izyzX2tuGJ/mOnxDXr4nm/whcus=
-24,-19,jb7YFWjg0WQKs9FgSE9EipClyKo=,izyzX2tuGJ/mOnxDXr4nm/whcus=
-23,-21,jb7YFWjg0WQKs9FgSE9EipClyKo=,izyzX2tuGJ/mOnxDXr4nm/whcus=
-22,-21,jb7YFWjg0WQKs9FgSE9EipClyKo=,izyzX2tuGJ/mOnxDXr4nm/whcus=
-23,-19,jb7YFWjg0WQKs9FgSE9EipClyKo=,izyzX2tuGJ/mOnxDXr4nm/whcus=
-22,-19,jb7YFWjg0WQKs9FgSE9EipClyKo=,izyzX2tuGJ/mOnxDXr4nm/whcus=
-21,-19,jb7YFWjg0WQKs9FgSE9EipClyKo=,izyzX2tuGJ/mOnxDXr4nm/whcus=
-25,-22,jb7YFWjg0WQKs9FgSE9EipClyKo=,izyzX2tuGJ/mOnxDXr4nm/whcus=
-24,-18,jb7YFWjg0WQKs9FgSE9EipClyKo=,izyzX2tuGJ/mOnxDXr4nm/whcus=
-23,-18,jb7YFWjg0WQKs9FgSE9EipClyKo=,izyzX2tuGJ/mOnxDXr4nm/whcus=
-24,-22,jb7YFWjg0WQKs9FgSE9EipClyKo=,izyzX2tuGJ/mOnxDXr4nm/whcus=
-21,-21,jb7YFWjg0WQKs9FgSE9EipClyKo=,izyzX2tuGJ/mOnxDXr4nm/whcus=
-25,-21,jb7YFWjg0WQKs9FgSE9EipClyKo=,izyzX2tuGJ/mOnxDXr4nm/whcus=
-25,-20,jb7YFWjg0WQKs9FgSE9EipClyKo=,izyzX2tuGJ/mOnxDXr4nm/whcus=
-24,-23,jb7YFWjg0WQKs9FgSE9EipClyKo=,izyzX2tuGJ/mOnxDXr4nm/whcus=
-25,-19,jb7YFWjg0WQKs9FgSE9EipClyKo=,izyzX2tuGJ/mOnxDXr4nm/whcus=
-25,-18,jb7YFWjg0WQKs9FgSE9EipClyKo=,izyzX2tuGJ/mOnxDXr4nm/whcus=
-24,-24,jb7YFWjg0WQKs9FgSE9EipClyKo=,izyzX2tuGJ/mOnxDXr4nm/whcus=
-24,-25,jb7YFWjg0WQKs9FgSE9EipClyKo=,2UOkcV/9/pz3mlCCJlIlicta1HM=
-21,-22,jb7YFWjg0WQKs9FgSE9EipClyKo=,izyzX2tuGJ/mOnxDXr4nm/whcus=
-23,-22,jb7YFWjg0WQKs9FgSE9EipClyKo=,izyzX2tuGJ/mOnxDXr4nm/whcus=
-20,-24,jb7YFWjg0WQKs9FgSE9EipClyKo=,izyzX2tuGJ/mOnxDXr4nm/whcus=
-25,-24,jb7YFWjg0WQKs9FgSE9EipClyKo=,izyzX2tuGJ/mOnxDXr4nm/whcus=
-17,-24,jb7YFWjg0WQKs9FgSE9EipClyKo=,izyzX2tuGJ/mOnxDXr4nm/whcus=
-21,-23,jb7YFWjg0WQKs9FgSE9EipClyKo=,izyzX2tuGJ/mOnxDXr4nm/whcus=
-25,-17,jb7YFWjg0WQKs9FgSE9EipClyKo=,izyzX2tuGJ/mOnxDXr4nm/whcus=
-22,-22,jb7YFWjg0WQKs9FgSE9EipClyKo=,izyzX2tuGJ/mOnxDXr4nm/whcus=
-17,-21,jb7YFWjg0WQKs9FgSE9EipClyKo=,izyzX2tuGJ/mOnxDXr4nm/whcus=
-32,-29,jb7YFWjg0WQKs9FgSE9EipClyKo=,2UOkcV/9/pz3mlCCJlIlicta1HM=
-32,-28,jb7YFWjg0WQKs9FgSE9EipClyKo=,2UOkcV/9/pz3mlCCJlIlicta1HM=
-32,-27,jb7YFWjg0WQKs9FgSE9EipClyKo=,2UOkcV/9/pz3mlCCJlIlicta1HM=
-32,-31,jb7YFWjg0WQKs9FgSE9EipClyKo=,2UOkcV/9/pz3mlCCJlIlicta1HM=
-32,-26,jb7YFWjg0WQKs9FgSE9EipClyKo=,2UOkcV/9/pz3mlCCJlIlicta1HM=
-32,-30,jb7YFWjg0WQKs9FgSE9EipClyKo=,2UOkcV/9/pz3mlCCJlIlicta1HM=
-32,-23,jb7YFWjg0WQKs9FgSE9EipClyKo=,izyzX2tuGJ/mOnxDXr4nm/whcus=
-32,-22,jb7YFWjg0WQKs9FgSE9EipClyKo=,izyzX2tuGJ/mOnxDXr4nm/whcus=
-32,-21,jb7YFWjg0WQKs9FgSE9EipClyKo=,izyzX2tuGJ/mOnxDXr4nm/whcus=
-32,-25,jb7YFWjg0WQKs9FgSE9EipClyKo=,2UOkcV/9/pz3mlCCJlIlicta1HM=
-32,-20,jb7YFWjg0WQKs9FgSE9EipClyKo=,izyzX2tuGJ/mOnxDXr4nm/whcus=
-32,-24,jb7YFWjg0WQKs9FgSE9EipClyKo=,izyzX2tuGJ/mOnxDXr4nm/whcus=
-32,-19,jb7YFWjg0WQKs9FgSE9EipClyKo=,izyzX2tuGJ/mOnxDXr4nm/whcus=
-32,-18,jb7YFWjg0WQKs9FgSE9EipClyKo=,izyzX2tuGJ/mOnxDXr4nm/whcus=
-21,-18,jb7YFWjg0WQKs9FgSE9EipClyKo=,izyzX2tuGJ/mOnxDXr4nm/whcus=
-22,-18,jb7YFWjg0WQKs9FgSE9EipClyKo=,izyzX2tuGJ/mOnxDXr4nm/whcus=
-24,-17,jb7YFWjg0WQKs9FgSE9EipClyKo=,izyzX2tuGJ/mOnxDXr4nm/whcus=
-22,-17,jb7YFWjg0WQKs9FgSE9EipClyKo=,izyzX2tuGJ/mOnxDXr4nm/whcus=
-23,-17,jb7YFWjg0WQKs9FgSE9EipClyKo=,izyzX2tuGJ/mOnxDXr4nm/whcus=
-21,-24,jb7YFWjg0WQKs9FgSE9EipClyKo=,izyzX2tuGJ/mOnxDXr4nm/whcus=
-20,-21,jb7YFWjg0WQKs9FgSE9EipClyKo=,izyzX2tuGJ/mOnxDXr4nm/whcus=
-32,-17,jb7YFWjg0WQKs9FgSE9EipClyKo=,izyzX2tuGJ/mOnxDXr4nm/whcus=
-21,-17,jb7YFWjg0WQKs9FgSE9EipClyKo=,izyzX2tuGJ/mOnxDXr4nm/whcus=
-19,-24,jb7YFWjg0WQKs9FgSE9EipClyKo=,izyzX2tuGJ/mOnxDXr4nm/whcus=
-20,-23,jb7YFWjg0WQKs9FgSE9EipClyKo=,izyzX2tuGJ/mOnxDXr4nm/whcus=
-22,-23,jb7YFWjg0WQKs9FgSE9EipClyKo=,izyzX2tuGJ/mOnxDXr4nm/whcus=
-32,-32,jb7YFWjg0WQKs9FgSE9EipClyKo=,2UOkcV/9/pz3mlCCJlIlicta1HM=
-17,-23,jb7YFWjg0WQKs9FgSE9EipClyKo=,izyzX2tuGJ/mOnxDXr4nm/whcus=
-17,-22,jb7YFWjg0WQKs9FgSE9EipClyKo=,izyzX2tuGJ/mOnxDXr4nm/whcus=
-30,-32,jb7YFWjg0WQKs9FgSE9EipClyKo=,2UOkcV/9/pz3mlCCJlIlicta1HM=
-18,-22,jb7YFWjg0WQKs9FgSE9EipClyKo=,izyzX2tuGJ/mOnxDXr4nm/whcus=
-31,-32,jb7YFWjg0WQKs9FgSE9EipClyKo=,2UOkcV/9/pz3mlCCJlIlicta1HM=
-29,-32,jb7YFWjg0WQKs9FgSE9EipClyKo=,2UOkcV/9/pz3mlCCJlIlicta1HM=
-30,-31,jb7YFWjg0WQKs9FgSE9EipClyKo=,2UOkcV/9/pz3mlCCJlIlicta1HM=
-18,-23,jb7YFWjg0WQKs9FgSE9EipClyKo=,izyzX2tuGJ/mOnxDXr4nm/whcus=
-23,-23,jb7YFWjg0WQKs9FgSE9EipClyKo=,izyzX2tuGJ/mOnxDXr4nm/whcus=
-20,-22,jb7YFWjg0WQKs9FgSE9EipClyKo=,izyzX2tuGJ/mOnxDXr4nm/whcus=
-19,-23,jb7YFWjg0WQKs9FgSE9EipClyKo=,izyzX2tuGJ/mOnxDXr4nm/whcus=
-19,-22,jb7YFWjg0WQKs9FgSE9EipClyKo=,izyzX2tuGJ/mOnxDXr4nm/whcus=
-18,-21,jb7YFWjg0WQKs9FgSE9EipClyKo=,izyzX2tuGJ/mOnxDXr4nm/whcus=
-19,-21,jb7YFWjg0WQKs9FgSE9EipClyKo=,izyzX2tuGJ/mOnxDXr4nm/whcus=
-25,-25,jb7YFWjg0WQKs9FgSE9EipClyKo=,2UOkcV/9/pz3mlCCJlIlicta1HM=
-25,-26,jb7YFWjg0WQKs9FgSE9EipClyKo=,2UOkcV/9/pz3mlCCJlIlicta1HM=
-22,-24,jb7YFWjg0WQKs9FgSE9EipClyKo=,izyzX2tuGJ/mOnxDXr4nm/whcus=
-24,-26,jb7YFWjg0WQKs9FgSE9EipClyKo=,2UOkcV/9/pz3mlCCJlIlicta1HM=
-29,-31,jb7YFWjg0WQKs9FgSE9EipClyKo=,2UOkcV/9/pz3mlCCJlIlicta1HM=
-27,-27,jb7YFWjg0WQKs9FgSE9EipClyKo=,2UOkcV/9/pz3mlCCJlIlicta1HM=
-27,-28,jb7YFWjg0WQKs9FgSE9EipClyKo=,2UOkcV/9/pz3mlCCJlIlicta1HM=
-27,-29,jb7YFWjg0WQKs9FgSE9EipClyKo=,2UOkcV/9/pz3mlCCJlIlicta1HM=
-20,-26,jb7YFWjg0WQKs9FgSE9EipClyKo=,2UOkcV/9/pz3mlCCJlIlicta1HM=
-23,-24,jb7YFWjg0WQKs9FgSE9EipClyKo=,izyzX2tuGJ/mOnxDXr4nm/whcus=
-22,-26,jb7YFWjg0WQKs9FgSE9EipClyKo=,2UOkcV/9/pz3mlCCJlIlicta1HM=
-20,-20,jb7YFWjg0WQKs9FgSE9EipClyKo=,izyzX2tuGJ/mOnxDXr4nm/whcus=
-21,-26,jb7YFWjg0WQKs9FgSE9EipClyKo=,2UOkcV/9/pz3mlCCJlIlicta1HM=
-27,-30,jb7YFWjg0WQKs9FgSE9EipClyKo=,2UOkcV/9/pz3mlCCJlIlicta1HM=
-28,-31,jb7YFWjg0WQKs9FgSE9EipClyKo=,2UOkcV/9/pz3mlCCJlIlicta1HM=
-19,-26,jb7YFWjg0WQKs9FgSE9EipClyKo=,2UOkcV/9/pz3mlCCJlIlicta1HM=
-17,-17,jb7YFWjg0WQKs9FgSE9EipClyKo=,izyzX2tuGJ/mOnxDXr4nm/whcus=
-20,-17,jb7YFWjg0WQKs9FgSE9EipClyKo=,izyzX2tuGJ/mOnxDXr4nm/whcus=
-26,-30,jb7YFWjg0WQKs9FgSE9EipClyKo=,2UOkcV/9/pz3mlCCJlIlicta1HM=
-20,-19,jb7YFWjg0WQKs9FgSE9EipClyKo=,izyzX2tuGJ/mOnxDXr4nm/whcus=
-26,-28,jb7YFWjg0WQKs9FgSE9EipClyKo=,2UOkcV/9/pz3mlCCJlIlicta1HM=
-23,-25,jb7YFWjg0WQKs9FgSE9EipClyKo=,2UOkcV/9/pz3mlCCJlIlicta1HM=
-27,-31,jb7YFWjg0WQKs9FgSE9EipClyKo=,2UOkcV/9/pz3mlCCJlIlicta1HM=
-18,-24,jb7YFWjg0WQKs9FgSE9EipClyKo=,izyzX2tuGJ/mOnxDXr4nm/whcus=
-22,-25,jb7YFWjg0WQKs9FgSE9EipClyKo=,2UOkcV/9/pz3mlCCJlIlicta1HM=
-23,-26,jb7YFWjg0WQKs9FgSE9EipClyKo=,2UOkcV/9/pz3mlCCJlIlicta1HM=
-26,-27,jb7YFWjg0WQKs9FgSE9EipClyKo=,2UOkcV/9/pz3mlCCJlIlicta1HM=
-20,-25,jb7YFWjg0WQKs9FgSE9EipClyKo=,2UOkcV/9/pz3mlCCJlIlicta1HM=
-21,-25,jb7YFWjg0WQKs9FgSE9EipClyKo=,2UOkcV/9/pz3mlCCJlIlicta1HM=
-19,-25,jb7YFWjg0WQKs9FgSE9EipClyKo=,2UOkcV/9/pz3mlCCJlIlicta1HM=
-26,-29,jb7YFWjg0WQKs9FgSE9EipClyKo=,2UOkcV/9/pz3mlCCJlIlicta1HM=
-18,-20,jb7YFWjg0WQKs9FgSE9EipClyKo=,izyzX2tuGJ/mOnxDXr4nm/whcus=
-18,-26,jb7YFWjg0WQKs9FgSE9EipClyKo=,2UOkcV/9/pz3mlCCJlIlicta1HM=
-17,-20,jb7YFWjg0WQKs9FgSE9EipClyKo=,izyzX2tuGJ/mOnxDXr4nm/whcus=
-19,-20,jb7YFWjg0WQKs9FgSE9EipClyKo=,izyzX2tuGJ/mOnxDXr4nm/whcus=
-19,-17,jb7YFWjg0WQKs9FgSE9EipClyKo=,izyzX2tuGJ/mOnxDXr4nm/whcus=
-18,-25,jb7YFWjg0WQKs9FgSE9EipClyKo=,2UOkcV/9/pz3mlCCJlIlicta1HM=
-19,-19,jb7YFWjg0WQKs9FgSE9EipClyKo=,izyzX2tuGJ/mOnxDXr4nm/whcus=
-20,-18,jb7YFWjg0WQKs9FgSE9EipClyKo=,izyzX2tuGJ/mOnxDXr4nm/whcus=
-25,-29,jb7YFWjg0WQKs9FgSE9EipClyKo=,2UOkcV/9/pz3mlCCJlIlicta1HM=
-18,-19,jb7YFWjg0WQKs9FgSE9EipClyKo=,izyzX2tuGJ/mOnxDXr4nm/whcus=
-25,-30,jb7YFWjg0WQKs9FgSE9EipClyKo=,2UOkcV/9/pz3mlCCJlIlicta1HM=
-17,-19,jb7YFWjg0WQKs9FgSE9EipClyKo=,izyzX2tuGJ/mOnxDXr4nm/whcus=
-26,-31,jb7YFWjg0WQKs9FgSE9EipClyKo=,2UOkcV/9/pz3mlCCJlIlicta1HM=
-19,-18,jb7YFWjg0WQKs9FgSE9EipClyKo=,izyzX2tuGJ/mOnxDXr4nm/whcus=
-18,-18,jb7YFWjg0WQKs9FgSE9EipClyKo=,izyzX2tuGJ/mOnxDXr4nm/whcus=
-18,-17,jb7YFWjg0WQKs9FgSE9EipClyKo=,izyzX2tuGJ/mOnxDXr4nm/whcus=
-17,-28,jb7YFWjg0WQKs9FgSE9EipClyKo=,2UOkcV/9/pz3mlCCJlIlicta1HM=
-17,-26,jb7YFWjg0WQKs9FgSE9EipClyKo=,2UOkcV/9/pz3mlCCJlIlicta1HM=
-17,-18,jb7YFWjg0WQKs9FgSE9EipClyKo=,izyzX2tuGJ/mOnxDXr4nm/whcus=
-17,-25,jb7YFWjg0WQKs9FgSE9EipClyKo=,2UOkcV/9/pz3mlCCJlIlicta1HM=
-17,-27,jb7YFWjg0WQKs9FgSE9EipClyKo=,2UOkcV/9/pz3mlCCJlIlicta1HM=
-19,-27,jb7YFWjg0WQKs9FgSE9EipClyKo=,2UOkcV/9/pz3mlCCJlIlicta1HM=
-18,-27,jb7YFWjg0WQKs9FgSE9EipClyKo=,2UOkcV/9/pz3mlCCJlIlicta1HM=
-25,-31,jb7YFWjg0WQKs9FgSE9EipClyKo=,2UOkcV/9/pz3mlCCJlIlicta1HM=
-21,-32,jb7YFWjg0WQKs9FgSE9EipClyKo=,2UOkcV/9/pz3mlCCJlIlicta1HM=
-21,-31,jb7YFWjg0WQKs9FgSE9EipClyKo=,2UOkcV/9/pz3mlCCJlIlicta1HM=
-23,-31,jb7YFWjg0WQKs9FgSE9EipClyKo=,2UOkcV/9/pz3mlCCJlIlicta1HM=
-23,-32,jb7YFWjg0WQKs9FgSE9EipClyKo=,2UOkcV/9/pz3mlCCJlIlicta1HM=
-22,-31,jb7YFWjg0WQKs9FgSE9EipClyKo=,2UOkcV/9/pz3mlCCJlIlicta1HM=
-22,-27,jb7YFWjg0WQKs9FgSE9EipClyKo=,2UOkcV/9/pz3mlCCJlIlicta1HM=
-22,-32,jb7YFWjg0WQKs9FgSE9EipClyKo=,2UOkcV/9/pz3mlCCJlIlicta1HM=
-17,-32,jb7YFWjg0WQKs9FgSE9EipClyKo=,2UOkcV/9/pz3mlCCJlIlicta1HM=
-21,-27,jb7YFWjg0WQKs9FgSE9EipClyKo=,2UOkcV/9/pz3mlCCJlIlicta1HM=
-20,-30,jb7YFWjg0WQKs9FgSE9EipClyKo=,2UOkcV/9/pz3mlCCJlIlicta1HM=
-24,-31,jb7YFWjg0WQKs9FgSE9EipClyKo=,2UOkcV/9/pz3mlCCJlIlicta1HM=
-19,-31,jb7YFWjg0WQKs9FgSE9EipClyKo=,2UOkcV/9/pz3mlCCJlIlicta1HM=
-24,-27,jb7YFWjg0WQKs9FgSE9EipClyKo=,2UOkcV/9/pz3mlCCJlIlicta1HM=
-23,-27,jb7YFWjg0WQKs9FgSE9EipClyKo=,2UOkcV/9/pz3mlCCJlIlicta1HM=
-19,-28,jb7YFWjg0WQKs9FgSE9EipClyKo=,2UOkcV/9/pz3mlCCJlIlicta1HM=
-18,-28,jb7YFWjg0WQKs9FgSE9EipClyKo=,2UOkcV/9/pz3mlCCJlIlicta1HM=
-18,-32,jb7YFWjg0WQKs9FgSE9EipClyKo=,2UOkcV/9/pz3mlCCJlIlicta1HM=
-20,-31,jb7YFWjg0WQKs9FgSE9EipClyKo=,2UOkcV/9/pz3mlCCJlIlicta1HM=
-20,-28,jb7YFWjg0WQKs9FgSE9EipClyKo=,2UOkcV/9/pz3mlCCJlIlicta1HM=
-22,-28,jb7YFWjg0WQKs9FgSE9EipClyKo=,2UOkcV/9/pz3mlCCJlIlicta1HM=
-19,-32,jb7YFWjg0WQKs9FgSE9EipClyKo=,2UOkcV/9/pz3mlCCJlIlicta1HM=
-24,-28,jb7YFWjg0WQKs9FgSE9EipClyKo=,2UOkcV/9/pz3mlCCJlIlicta1HM=
-17,-30,jb7YFWjg0WQKs9FgSE9EipClyKo=,2UOkcV/9/pz3mlCCJlIlicta1HM=
-21,-28,jb7YFWjg0WQKs9FgSE9EipClyKo=,2UOkcV/9/pz3mlCCJlIlicta1HM=
-23,-28,jb7YFWjg0WQKs9FgSE9EipClyKo=,2UOkcV/9/pz3mlCCJlIlicta1HM=
-18,-29,jb7YFWjg0WQKs9FgSE9EipClyKo=,2UOkcV/9/pz3mlCCJlIlicta1HM=
-28,-32,jb7YFWjg0WQKs9FgSE9EipClyKo=,2UOkcV/9/pz3mlCCJlIlicta1HM=
-18,-31,jb7YFWjg0WQKs9FgSE9EipClyKo=,2UOkcV/9/pz3mlCCJlIlicta1HM=
-17,-31,jb7YFWjg0WQKs9FgSE9EipClyKo=,2UOkcV/9/pz3mlCCJlIlicta1HM=
-20,-29,jb7YFWjg0WQKs9FgSE9EipClyKo=,2UOkcV/9/pz3mlCCJlIlicta1HM=
-20,-27,jb7YFWjg0WQKs9FgSE9EipClyKo=,2UOkcV/9/pz3mlCCJlIlicta1HM=
-19,-29,jb7YFWjg0WQKs9FgSE9EipClyKo=,2UOkcV/9/pz3mlCCJlIlicta1HM=
-26,-32,jb7YFWjg0WQKs9FgSE9EipClyKo=,2UOkcV/9/pz3mlCCJlIlicta1HM=
-18,-30,jb7YFWjg0WQKs9FgSE9EipClyKo=,2UOkcV/9/pz3mlCCJlIlicta1HM=
-24,-30,jb7YFWjg0WQKs9FgSE9EipClyKo=,2UOkcV/9/pz3mlCCJlIlicta1HM=
-27,-32,jb7YFWjg0WQKs9FgSE9EipClyKo=,2UOkcV/9/pz3mlCCJlIlicta1HM=
-25,-32,jb7YFWjg0WQKs9FgSE9EipClyKo=,2UOkcV/9/pz3mlCCJlIlicta1HM=
-23,-29,jb7YFWjg0WQKs9FgSE9EipClyKo=,2UOkcV/9/pz3mlCCJlIlicta1HM=
-25,-28,jb7YFWjg0WQKs9FgSE9EipClyKo=,2UOkcV/9/pz3mlCCJlIlicta1HM=
-21,-29,jb7YFWjg0WQKs9FgSE9EipClyKo=,2UOkcV/9/pz3mlCCJlIlicta1HM=
-25,-27,jb7YFWjg0WQKs9FgSE9EipClyKo=,2UOkcV/9/pz3mlCCJlIlicta1HM=
-20,-32,jb7YFWjg0WQKs9FgSE9EipClyKo=,2UOkcV/9/pz3mlCCJlIlicta1HM=
-17,-29,jb7YFWjg0WQKs9FgSE9EipClyKo=,2UOkcV/9/pz3mlCCJlIlicta1HM=
-21,-30,jb7YFWjg0WQKs9FgSE9EipClyKo=,2UOkcV/9/pz3mlCCJlIlicta1HM=
-19,-30,jb7YFWjg0WQKs9FgSE9EipClyKo=,2UOkcV/9/pz3mlCCJlIlicta1HM=
-22,-29,jb7YFWjg0WQKs9FgSE9EipClyKo=,2UOkcV/9/pz3mlCCJlIlicta1HM=
-23,-30,jb7YFWjg0WQKs9FgSE9EipClyKo=,2UOkcV/9/pz3mlCCJlIlicta1HM=
-24,-32,jb7YFWjg0WQKs9FgSE9EipClyKo=,2UOkcV/9/pz3mlCCJlIlicta1HM=
-22,-30,jb7YFWjg0WQKs9FgSE9EipClyKo=,2UOkcV/9/pz3mlCCJlIlicta1HM=
-24,-29,jb7YFWjg0WQKs9FgSE9EipClyKo=,2UOkcV/9/pz3mlCCJlIlicta1HM=
-28,-14,jb7YFWjg0WQKs9FgSE9EipClyKo=,izyzX2tuGJ/mOnxDXr4nm/whcus=
-29,-14,jb7YFWjg0WQKs9FgSE9EipClyKo=,izyzX2tuGJ/mOnxDXr4nm/whcus=
-30,-14,jb7YFWjg0WQKs9FgSE9EipClyKo=,izyzX2tuGJ/mOnxDXr4nm/whcus=
-31,-14,jb7YFWjg0WQKs9FgSE9EipClyKo=,izyzX2tuGJ/mOnxDXr4nm/whcus=
-26,-15,jb7YFWjg0WQKs9FgSE9EipClyKo=,izyzX2tuGJ/mOnxDXr4nm/whcus=
-27,-15,jb7YFWjg0WQKs9FgSE9EipClyKo=,izyzX2tuGJ/mOnxDXr4nm/whcus=
-28,-15,jb7YFWjg0WQKs9FgSE9EipClyKo=,izyzX2tuGJ/mOnxDXr4nm/whcus=
-29,-15,jb7YFWjg0WQKs9FgSE9EipClyKo=,izyzX2tuGJ/mOnxDXr4nm/whcus=
-30,-15,jb7YFWjg0WQKs9FgSE9EipClyKo=,izyzX2tuGJ/mOnxDXr4nm/whcus=
-31,-15,jb7YFWjg0WQKs9FgSE9EipClyKo=,izyzX2tuGJ/mOnxDXr4nm/whcus=
-31,-10,jb7YFWjg0WQKs9FgSE9EipClyKo=,izyzX2tuGJ/mOnxDXr4nm/whcus=
-31,-11,jb7YFWjg0WQKs9FgSE9EipClyKo=,izyzX2tuGJ/mOnxDXr4nm/whcus=
-26,-12,jb7YFWjg0WQKs9FgSE9EipClyKo=,izyzX2tuGJ/mOnxDXr4nm/whcus=
-27,-12,jb7YFWjg0WQKs9FgSE9EipClyKo=,izyzX2tuGJ/mOnxDXr4nm/whcus=
-28,-12,jb7YFWjg0WQKs9FgSE9EipClyKo=,izyzX2tuGJ/mOnxDXr4nm/whcus=
-29,-12,jb7YFWjg0WQKs9FgSE9EipClyKo=,izyzX2tuGJ/mOnxDXr4nm/whcus=
-30,-12,jb7YFWjg0WQKs9FgSE9EipClyKo=,izyzX2tuGJ/mOnxDXr4nm/whcus=
-31,-12,jb7YFWjg0WQKs9FgSE9EipClyKo=,izyzX2tuGJ/mOnxDXr4nm/whcus=
-26,-13,jb7YFWjg0WQKs9FgSE9EipClyKo=,izyzX2tuGJ/mOnxDXr4nm/whcus=
-27,-13,jb7YFWjg0WQKs9FgSE9EipClyKo=,izyzX2tuGJ/mOnxDXr4nm/whcus=
-28,-13,jb7YFWjg0WQKs9FgSE9EipClyKo=,izyzX2tuGJ/mOnxDXr4nm/whcus=
-29,-13,jb7YFWjg0WQKs9FgSE9EipClyKo=,izyzX2tuGJ/mOnxDXr4nm/whcus=
-30,-13,jb7YFWjg0WQKs9FgSE9EipClyKo=,izyzX2tuGJ/mOnxDXr4nm/whcus=
-31,-13,jb7YFWjg0WQKs9FgSE9EipClyKo=,izyzX2tuGJ/mOnxDXr4nm/whcus=
-26,-14,jb7YFWjg0WQKs9FgSE9EipClyKo=,izyzX2tuGJ/mOnxDXr4nm/whcus=
-27,-14,jb7YFWjg0WQKs9FgSE9EipClyKo=,izyzX2tuGJ/mOnxDXr4nm/whcus=
-25,-14,qUD+fcEHvAwr7JEAHBte0N8jSt8=,izyzX2tuGJ/mOnxDXr4nm/whcus=
-25,-15,qUD+fcEHvAwr7JEAHBte0N8jSt8=,izyzX2tuGJ/mOnxDXr4nm/whcus=
-25,-13,qUD+fcEHvAwr7JEAHBte0N8jSt8=,izyzX2tuGJ/mOnxDXr4nm/whcus=
-26,-10,qUD+fcEHvAwr7JEAHBte0N8jSt8=,izyzX2tuGJ/mOnxDXr4nm/whcus=
-27,-10,qUD+fcEHvAwr7JEAHBte0N8jSt8=,izyzX2tuGJ/mOnxDXr4nm/whcus=
-24,-12,qUD+fcEHvAwr7JEAHBte0N8jSt8=,izyzX2tuGJ/mOnxDXr4nm/whcus=
-26,-11,qUD+fcEHvAwr7JEAHBte0N8jSt8=,izyzX2tuGJ/mOnxDXr4nm/whcus=
-27,-11,qUD+fcEHvAwr7JEAHBte0N8jSt8=,izyzX2tuGJ/mOnxDXr4nm/whcus=
-31,-16,qUD+fcEHvAwr7JEAHBte0N8jSt8=,izyzX2tuGJ/mOnxDXr4nm/whcus=
-30,-16,qUD+fcEHvAwr7JEAHBte0N8jSt8=,izyzX2tuGJ/mOnxDXr4nm/whcus=
-29,-16,qUD+fcEHvAwr7JEAHBte0N8jSt8=,izyzX2tuGJ/mOnxDXr4nm/whcus=
-28,-16,qUD+fcEHvAwr7JEAHBte0N8jSt8=,izyzX2tuGJ/mOnxDXr4nm/whcus=
-27,-16,qUD+fcEHvAwr7JEAHBte0N8jSt8=,izyzX2tuGJ/mOnxDXr4nm/whcus=
-26,-16,qUD+fcEHvAwr7JEAHBte0N8jSt8=,izyzX2tuGJ/mOnxDXr4nm/whcus=
-28,-11,qUD+fcEHvAwr7JEAHBte0N8jSt8=,izyzX2tuGJ/mOnxDXr4nm/whcus=
-28,-10,qUD+fcEHvAwr7JEAHBte0N8jSt8=,izyzX2tuGJ/mOnxDXr4nm/whcus=
-23,-12,qUD+fcEHvAwr7JEAHBte0N8jSt8=,izyzX2tuGJ/mOnxDXr4nm/whcus=
-28,-7,qUD+fcEHvAwr7JEAHBte0N8jSt8=,GvvRQ8jP6QoDAhcqF6pwdIYc5c8=
-27,-7,qUD+fcEHvAwr7JEAHBte0N8jSt8=,GvvRQ8jP6QoDAhcqF6pwdIYc5c8=
-22,-12,qUD+fcEHvAwr7JEAHBte0N8jSt8=,izyzX2tuGJ/mOnxDXr4nm/whcus=
-26,-7,qUD+fcEHvAwr7JEAHBte0N8jSt8=,GvvRQ8jP6QoDAhcqF6pwdIYc5c8=
-28,-6,qUD+fcEHvAwr7JEAHBte0N8jSt8=,GvvRQ8jP6QoDAhcqF6pwdIYc5c8=
-27,-6,qUD+fcEHvAwr7JEAHBte0N8jSt8=,GvvRQ8jP6QoDAhcqF6pwdIYc5c8=
-21,-12,qUD+fcEHvAwr7JEAHBte0N8jSt8=,izyzX2tuGJ/mOnxDXr4nm/whcus=
-28,-5,qUD+fcEHvAwr7JEAHBte0N8jSt8=,GvvRQ8jP6QoDAhcqF6pwdIYc5c8=
-27,-5,qUD+fcEHvAwr7JEAHBte0N8jSt8=,GvvRQ8jP6QoDAhcqF6pwdIYc5c8=
-26,-5,qUD+fcEHvAwr7JEAHBte0N8jSt8=,GvvRQ8jP6QoDAhcqF6pwdIYc5c8=
-26,-6,qUD+fcEHvAwr7JEAHBte0N8jSt8=,GvvRQ8jP6QoDAhcqF6pwdIYc5c8=
-24,-11,qUD+fcEHvAwr7JEAHBte0N8jSt8=,izyzX2tuGJ/mOnxDXr4nm/whcus=
-26,-9,qUD+fcEHvAwr7JEAHBte0N8jSt8=,izyzX2tuGJ/mOnxDXr4nm/whcus=
-27,-8,qUD+fcEHvAwr7JEAHBte0N8jSt8=,GvvRQ8jP6QoDAhcqF6pwdIYc5c8=
-26,-8,qUD+fcEHvAwr7JEAHBte0N8jSt8=,GvvRQ8jP6QoDAhcqF6pwdIYc5c8=
-28,-8,qUD+fcEHvAwr7JEAHBte0N8jSt8=,GvvRQ8jP6QoDAhcqF6pwdIYc5c8=
-25,-16,qUD+fcEHvAwr7JEAHBte0N8jSt8=,izyzX2tuGJ/mOnxDXr4nm/whcus=
-27,-9,qUD+fcEHvAwr7JEAHBte0N8jSt8=,izyzX2tuGJ/mOnxDXr4nm/whcus=
-24,-7,qUD+fcEHvAwr7JEAHBte0N8jSt8=,ySnRx2cezvRont2U0EFIyE2ncow=
-22,-6,qUD+fcEHvAwr7JEAHBte0N8jSt8=,ySnRx2cezvRont2U0EFIyE2ncow=
-23,-11,qUD+fcEHvAwr7JEAHBte0N8jSt8=,izyzX2tuGJ/mOnxDXr4nm/whcus=
-23,-7,qUD+fcEHvAwr7JEAHBte0N8jSt8=,ySnRx2cezvRont2U0EFIyE2ncow=
-21,-16,qUD+fcEHvAwr7JEAHBte0N8jSt8=,izyzX2tuGJ/mOnxDXr4nm/whcus=
-22,-15,qUD+fcEHvAwr7JEAHBte0N8jSt8=,izyzX2tuGJ/mOnxDXr4nm/whcus=
-22,-14,qUD+fcEHvAwr7JEAHBte0N8jSt8=,izyzX2tuGJ/mOnxDXr4nm/whcus=
-21,-14,qUD+fcEHvAwr7JEAHBte0N8jSt8=,izyzX2tuGJ/mOnxDXr4nm/whcus=
-24,-14,qUD+fcEHvAwr7JEAHBte0N8jSt8=,izyzX2tuGJ/mOnxDXr4nm/whcus=
-25,-7,qUD+fcEHvAwr7JEAHBte0N8jSt8=,GvvRQ8jP6QoDAhcqF6pwdIYc5c8=
-23,-14,qUD+fcEHvAwr7JEAHBte0N8jSt8=,izyzX2tuGJ/mOnxDXr4nm/whcus=
-21,-15,qUD+fcEHvAwr7JEAHBte0N8jSt8=,izyzX2tuGJ/mOnxDXr4nm/whcus=
-21,-13,qUD+fcEHvAwr7JEAHBte0N8jSt8=,izyzX2tuGJ/mOnxDXr4nm/whcus=
-21,-6,qUD+fcEHvAwr7JEAHBte0N8jSt8=,ySnRx2cezvRont2U0EFIyE2ncow=
-17,-16,qUD+fcEHvAwr7JEAHBte0N8jSt8=,izyzX2tuGJ/mOnxDXr4nm/whcus=
-17,-10,qUD+fcEHvAwr7JEAHBte0N8jSt8=,izyzX2tuGJ/mOnxDXr4nm/whcus=
-22,-16,qUD+fcEHvAwr7JEAHBte0N8jSt8=,izyzX2tuGJ/mOnxDXr4nm/whcus=
-20,-14,qUD+fcEHvAwr7JEAHBte0N8jSt8=,izyzX2tuGJ/mOnxDXr4nm/whcus=
-22,-13,qUD+fcEHvAwr7JEAHBte0N8jSt8=,izyzX2tuGJ/mOnxDXr4nm/whcus=
-22,-11,qUD+fcEHvAwr7JEAHBte0N8jSt8=,izyzX2tuGJ/mOnxDXr4nm/whcus=
-19,-14,qUD+fcEHvAwr7JEAHBte0N8jSt8=,izyzX2tuGJ/mOnxDXr4nm/whcus=
-18,-14,qUD+fcEHvAwr7JEAHBte0N8jSt8=,izyzX2tuGJ/mOnxDXr4nm/whcus=
-28,-9,qUD+fcEHvAwr7JEAHBte0N8jSt8=,izyzX2tuGJ/mOnxDXr4nm/whcus=
-23,-16,qUD+fcEHvAwr7JEAHBte0N8jSt8=,izyzX2tuGJ/mOnxDXr4nm/whcus=
-24,-13,qUD+fcEHvAwr7JEAHBte0N8jSt8=,izyzX2tuGJ/mOnxDXr4nm/whcus=
-19,-15,qUD+fcEHvAwr7JEAHBte0N8jSt8=,izyzX2tuGJ/mOnxDXr4nm/whcus=
-24,-16,qUD+fcEHvAwr7JEAHBte0N8jSt8=,izyzX2tuGJ/mOnxDXr4nm/whcus=
-19,-13,qUD+fcEHvAwr7JEAHBte0N8jSt8=,izyzX2tuGJ/mOnxDXr4nm/whcus=
-18,-13,qUD+fcEHvAwr7JEAHBte0N8jSt8=,izyzX2tuGJ/mOnxDXr4nm/whcus=
-20,-15,qUD+fcEHvAwr7JEAHBte0N8jSt8=,izyzX2tuGJ/mOnxDXr4nm/whcus=
-23,-15,qUD+fcEHvAwr7JEAHBte0N8jSt8=,izyzX2tuGJ/mOnxDXr4nm/whcus=
-18,-15,qUD+fcEHvAwr7JEAHBte0N8jSt8=,izyzX2tuGJ/mOnxDXr4nm/whcus=
-17,-13,qUD+fcEHvAwr7JEAHBte0N8jSt8=,izyzX2tuGJ/mOnxDXr4nm/whcus=
-17,-15,qUD+fcEHvAwr7JEAHBte0N8jSt8=,izyzX2tuGJ/mOnxDXr4nm/whcus=
-22,-5,qUD+fcEHvAwr7JEAHBte0N8jSt8=,ySnRx2cezvRont2U0EFIyE2ncow=
-17,-11,qUD+fcEHvAwr7JEAHBte0N8jSt8=,izyzX2tuGJ/mOnxDXr4nm/whcus=
-18,-16,qUD+fcEHvAwr7JEAHBte0N8jSt8=,izyzX2tuGJ/mOnxDXr4nm/whcus=
-24,-15,qUD+fcEHvAwr7JEAHBte0N8jSt8=,izyzX2tuGJ/mOnxDXr4nm/whcus=
-17,-14,qUD+fcEHvAwr7JEAHBte0N8jSt8=,izyzX2tuGJ/mOnxDXr4nm/whcus=
-21,-11,qUD+fcEHvAwr7JEAHBte0N8jSt8=,izyzX2tuGJ/mOnxDXr4nm/whcus=
-18,-11,qUD+fcEHvAwr7JEAHBte0N8jSt8=,izyzX2tuGJ/mOnxDXr4nm/whcus=
-17,-5,qUD+fcEHvAwr7JEAHBte0N8jSt8=,ySnRx2cezvRont2U0EFIyE2ncow=
-17,-9,qUD+fcEHvAwr7JEAHBte0N8jSt8=,izyzX2tuGJ/mOnxDXr4nm/whcus=
-19,-9,qUD+fcEHvAwr7JEAHBte0N8jSt8=,izyzX2tuGJ/mOnxDXr4nm/whcus=
-17,-12,qUD+fcEHvAwr7JEAHBte0N8jSt8=,izyzX2tuGJ/mOnxDXr4nm/whcus=
-18,-10,qUD+fcEHvAwr7JEAHBte0N8jSt8=,izyzX2tuGJ/mOnxDXr4nm/whcus=
-19,-11,qUD+fcEHvAwr7JEAHBte0N8jSt8=,izyzX2tuGJ/mOnxDXr4nm/whcus=
-21,-5,qUD+fcEHvAwr7JEAHBte0N8jSt8=,ySnRx2cezvRont2U0EFIyE2ncow=
-20,-6,qUD+fcEHvAwr7JEAHBte0N8jSt8=,ySnRx2cezvRont2U0EFIyE2ncow=
-18,-9,qUD+fcEHvAwr7JEAHBte0N8jSt8=,izyzX2tuGJ/mOnxDXr4nm/whcus=
-24,-10,qUD+fcEHvAwr7JEAHBte0N8jSt8=,izyzX2tuGJ/mOnxDXr4nm/whcus=
-20,-9,qUD+fcEHvAwr7JEAHBte0N8jSt8=,izyzX2tuGJ/mOnxDXr4nm/whcus=
-19,-16,qUD+fcEHvAwr7JEAHBte0N8jSt8=,izyzX2tuGJ/mOnxDXr4nm/whcus=
-18,-12,qUD+fcEHvAwr7JEAHBte0N8jSt8=,izyzX2tuGJ/mOnxDXr4nm/whcus=
-20,-16,qUD+fcEHvAwr7JEAHBte0N8jSt8=,izyzX2tuGJ/mOnxDXr4nm/whcus=
-25,-6,qUD+fcEHvAwr7JEAHBte0N8jSt8=,GvvRQ8jP6QoDAhcqF6pwdIYc5c8=
-19,-12,qUD+fcEHvAwr7JEAHBte0N8jSt8=,izyzX2tuGJ/mOnxDXr4nm/whcus=
-20,-12,qUD+fcEHvAwr7JEAHBte0N8jSt8=,izyzX2tuGJ/mOnxDXr4nm/whcus=
-20,-11,qUD+fcEHvAwr7JEAHBte0N8jSt8=,izyzX2tuGJ/mOnxDXr4nm/whcus=
-21,-7,qUD+fcEHvAwr7JEAHBte0N8jSt8=,ySnRx2cezvRont2U0EFIyE2ncow=
-24,-5,qUD+fcEHvAwr7JEAHBte0N8jSt8=,ySnRx2cezvRont2U0EFIyE2ncow=
-25,-5,qUD+fcEHvAwr7JEAHBte0N8jSt8=,GvvRQ8jP6QoDAhcqF6pwdIYc5c8=
-17,-8,qUD+fcEHvAwr7JEAHBte0N8jSt8=,ySnRx2cezvRont2U0EFIyE2ncow=
-25,-12,qUD+fcEHvAwr7JEAHBte0N8jSt8=,izyzX2tuGJ/mOnxDXr4nm/whcus=
-23,-5,qUD+fcEHvAwr7JEAHBte0N8jSt8=,ySnRx2cezvRont2U0EFIyE2ncow=
-22,-7,qUD+fcEHvAwr7JEAHBte0N8jSt8=,ySnRx2cezvRont2U0EFIyE2ncow=
-19,-10,qUD+fcEHvAwr7JEAHBte0N8jSt8=,izyzX2tuGJ/mOnxDXr4nm/whcus=
-23,-10,qUD+fcEHvAwr7JEAHBte0N8jSt8=,izyzX2tuGJ/mOnxDXr4nm/whcus=
-24,-6,qUD+fcEHvAwr7JEAHBte0N8jSt8=,ySnRx2cezvRont2U0EFIyE2ncow=
-25,-9,qUD+fcEHvAwr7JEAHBte0N8jSt8=,izyzX2tuGJ/mOnxDXr4nm/whcus=
-23,-8,qUD+fcEHvAwr7JEAHBte0N8jSt8=,ySnRx2cezvRont2U0EFIyE2ncow=
-25,-11,qUD+fcEHvAwr7JEAHBte0N8jSt8=,izyzX2tuGJ/mOnxDXr4nm/whcus=
-23,-6,qUD+fcEHvAwr7JEAHBte0N8jSt8=,ySnRx2cezvRont2U0EFIyE2ncow=
-20,-13,qUD+fcEHvAwr7JEAHBte0N8jSt8=,izyzX2tuGJ/mOnxDXr4nm/whcus=
-19,-6,qUD+fcEHvAwr7JEAHBte0N8jSt8=,ySnRx2cezvRont2U0EFIyE2ncow=
-22,-8,qUD+fcEHvAwr7JEAHBte0N8jSt8=,ySnRx2cezvRont2U0EFIyE2ncow=
-20,-5,qUD+fcEHvAwr7JEAHBte0N8jSt8=,ySnRx2cezvRont2U0EFIyE2ncow=
-21,-8,qUD+fcEHvAwr7JEAHBte0N8jSt8=,ySnRx2cezvRont2U0EFIyE2ncow=
-22,-10,qUD+fcEHvAwr7JEAHBte0N8jSt8=,izyzX2tuGJ/mOnxDXr4nm/whcus=
-20,-7,qUD+fcEHvAwr7JEAHBte0N8jSt8=,ySnRx2cezvRont2U0EFIyE2ncow=
-23,-9,qUD+fcEHvAwr7JEAHBte0N8jSt8=,izyzX2tuGJ/mOnxDXr4nm/whcus=
-19,-7,qUD+fcEHvAwr7JEAHBte0N8jSt8=,ySnRx2cezvRont2U0EFIyE2ncow=
-18,-6,qUD+fcEHvAwr7JEAHBte0N8jSt8=,ySnRx2cezvRont2U0EFIyE2ncow=
-19,-5,qUD+fcEHvAwr7JEAHBte0N8jSt8=,ySnRx2cezvRont2U0EFIyE2ncow=
-25,-10,qUD+fcEHvAwr7JEAHBte0N8jSt8=,izyzX2tuGJ/mOnxDXr4nm/whcus=
-17,-6,qUD+fcEHvAwr7JEAHBte0N8jSt8=,ySnRx2cezvRont2U0EFIyE2ncow=
-21,-9,qUD+fcEHvAwr7JEAHBte0N8jSt8=,izyzX2tuGJ/mOnxDXr4nm/whcus=
-22,-9,qUD+fcEHvAwr7JEAHBte0N8jSt8=,izyzX2tuGJ/mOnxDXr4nm/whcus=
-24,-8,qUD+fcEHvAwr7JEAHBte0N8jSt8=,ySnRx2cezvRont2U0EFIyE2ncow=
-32,-13,qUD+fcEHvAwr7JEAHBte0N8jSt8=,izyzX2tuGJ/mOnxDXr4nm/whcus=
-32,-14,qUD+fcEHvAwr7JEAHBte0N8jSt8=,izyzX2tuGJ/mOnxDXr4nm/whcus=
-32,-16,qUD+fcEHvAwr7JEAHBte0N8jSt8=,izyzX2tuGJ/mOnxDXr4nm/whcus=
-32,-11,qUD+fcEHvAwr7JEAHBte0N8jSt8=,izyzX2tuGJ/mOnxDXr4nm/whcus=
-32,-10,qUD+fcEHvAwr7JEAHBte0N8jSt8=,izyzX2tuGJ/mOnxDXr4nm/whcus=
-32,-15,qUD+fcEHvAwr7JEAHBte0N8jSt8=,izyzX2tuGJ/mOnxDXr4nm/whcus=
-30,-11,qUD+fcEHvAwr7JEAHBte0N8jSt8=,izyzX2tuGJ/mOnxDXr4nm/whcus=
-24,-9,qUD+fcEHvAwr7JEAHBte0N8jSt8=,izyzX2tuGJ/mOnxDXr4nm/whcus=
-32,-9,qUD+fcEHvAwr7JEAHBte0N8jSt8=,izyzX2tuGJ/mOnxDXr4nm/whcus=
-32,-12,qUD+fcEHvAwr7JEAHBte0N8jSt8=,izyzX2tuGJ/mOnxDXr4nm/whcus=
-32,-8,qUD+fcEHvAwr7JEAHBte0N8jSt8=,GvvRQ8jP6QoDAhcqF6pwdIYc5c8=
-32,-5,qUD+fcEHvAwr7JEAHBte0N8jSt8=,GvvRQ8jP6QoDAhcqF6pwdIYc5c8=
-19,-8,qUD+fcEHvAwr7JEAHBte0N8jSt8=,ySnRx2cezvRont2U0EFIyE2ncow=
-20,-8,qUD+fcEHvAwr7JEAHBte0N8jSt8=,ySnRx2cezvRont2U0EFIyE2ncow=
-29,-11,qUD+fcEHvAwr7JEAHBte0N8jSt8=,izyzX2tuGJ/mOnxDXr4nm/whcus=
-23,-13,qUD+fcEHvAwr7JEAHBte0N8jSt8=,izyzX2tuGJ/mOnxDXr4nm/whcus=
-32,-6,qUD+fcEHvAwr7JEAHBte0N8jSt8=,GvvRQ8jP6QoDAhcqF6pwdIYc5c8=
-17,-7,qUD+fcEHvAwr7JEAHBte0N8jSt8=,ySnRx2cezvRont2U0EFIyE2ncow=
-30,-10,qUD+fcEHvAwr7JEAHBte0N8jSt8=,izyzX2tuGJ/mOnxDXr4nm/whcus=
-32,-7,qUD+fcEHvAwr7JEAHBte0N8jSt8=,GvvRQ8jP6QoDAhcqF6pwdIYc5c8=
-20,-10,qUD+fcEHvAwr7JEAHBte0N8jSt8=,izyzX2tuGJ/mOnxDXr4nm/whcus=
-18,-8,qUD+fcEHvAwr7JEAHBte0N8jSt8=,ySnRx2cezvRont2U0EFIyE2ncow=
-29,-10,qUD+fcEHvAwr7JEAHBte0N8jSt8=,izyzX2tuGJ/mOnxDXr4nm/whcus=
-31,-6,qUD+fcEHvAwr7JEAHBte0N8jSt8=,GvvRQ8jP6QoDAhcqF6pwdIYc5c8=
-31,-7,qUD+fcEHvAwr7JEAHBte0N8jSt8=,GvvRQ8jP6QoDAhcqF6pwdIYc5c8=
-31,-5,qUD+fcEHvAwr7JEAHBte0N8jSt8=,GvvRQ8jP6QoDAhcqF6pwdIYc5c8=
-29,-6,qUD+fcEHvAwr7JEAHBte0N8jSt8=,GvvRQ8jP6QoDAhcqF6pwdIYc5c8=
-30,-5,qUD+fcEHvAwr7JEAHBte0N8jSt8=,GvvRQ8jP6QoDAhcqF6pwdIYc5c8=
-29,-5,qUD+fcEHvAwr7JEAHBte0N8jSt8=,GvvRQ8jP6QoDAhcqF6pwdIYc5c8=
-29,-9,qUD+fcEHvAwr7JEAHBte0N8jSt8=,izyzX2tuGJ/mOnxDXr4nm/whcus=
-25,-8,qUD+fcEHvAwr7JEAHBte0N8jSt8=,GvvRQ8jP6QoDAhcqF6pwdIYc5c8=
-30,-9,qUD+fcEHvAwr7JEAHBte0N8jSt8=,izyzX2tuGJ/mOnxDXr4nm/whcus=
-29,-7,qUD+fcEHvAwr7JEAHBte0N8jSt8=,GvvRQ8jP6QoDAhcqF6pwdIYc5c8=
-31,-9,qUD+fcEHvAwr7JEAHBte0N8jSt8=,izyzX2tuGJ/mOnxDXr4nm/whcus=
-30,-8,qUD+fcEHvAwr7JEAHBte0N8jSt8=,GvvRQ8jP6QoDAhcqF6pwdIYc5c8=
-17,-1,qUD+fcEHvAwr7JEAHBte0N8jSt8=,ySnRx2cezvRont2U0EFIyE2ncow=
-20,-4,qUD+fcEHvAwr7JEAHBte0N8jSt8=,ySnRx2cezvRont2U0EFIyE2ncow=
-31,-8,qUD+fcEHvAwr7JEAHBte0N8jSt8=,GvvRQ8jP6QoDAhcqF6pwdIYc5c8=
-29,-8,qUD+fcEHvAwr7JEAHBte0N8jSt8=,GvvRQ8jP6QoDAhcqF6pwdIYc5c8=
-18,-5,qUD+fcEHvAwr7JEAHBte0N8jSt8=,ySnRx2cezvRont2U0EFIyE2ncow=
-18,-7,qUD+fcEHvAwr7JEAHBte0N8jSt8=,ySnRx2cezvRont2U0EFIyE2ncow=
-18,-2,qUD+fcEHvAwr7JEAHBte0N8jSt8=,ySnRx2cezvRont2U0EFIyE2ncow=
-19,-4,qUD+fcEHvAwr7JEAHBte0N8jSt8=,ySnRx2cezvRont2U0EFIyE2ncow=
-30,-6,qUD+fcEHvAwr7JEAHBte0N8jSt8=,GvvRQ8jP6QoDAhcqF6pwdIYc5c8=
-31,-1,qUD+fcEHvAwr7JEAHBte0N8jSt8=,GvvRQ8jP6QoDAhcqF6pwdIYc5c8=
-32,-1,qUD+fcEHvAwr7JEAHBte0N8jSt8=,GvvRQ8jP6QoDAhcqF6pwdIYc5c8=
-21,-10,qUD+fcEHvAwr7JEAHBte0N8jSt8=,izyzX2tuGJ/mOnxDXr4nm/whcus=
-20,-3,qUD+fcEHvAwr7JEAHBte0N8jSt8=,ySnRx2cezvRont2U0EFIyE2ncow=
-19,-2,qUD+fcEHvAwr7JEAHBte0N8jSt8=,ySnRx2cezvRont2U0EFIyE2ncow=
-18,-1,qUD+fcEHvAwr7JEAHBte0N8jSt8=,ySnRx2cezvRont2U0EFIyE2ncow=
-30,-7,qUD+fcEHvAwr7JEAHBte0N8jSt8=,GvvRQ8jP6QoDAhcqF6pwdIYc5c8=
-17,-4,qUD+fcEHvAwr7JEAHBte0N8jSt8=,ySnRx2cezvRont2U0EFIyE2ncow=
-17,-3,qUD+fcEHvAwr7JEAHBte0N8jSt8=,ySnRx2cezvRont2U0EFIyE2ncow=
-20,-1,qUD+fcEHvAwr7JEAHBte0N8jSt8=,ySnRx2cezvRont2U0EFIyE2ncow=
-19,-1,qUD+fcEHvAwr7JEAHBte0N8jSt8=,ySnRx2cezvRont2U0EFIyE2ncow=
-29,-4,qUD+fcEHvAwr7JEAHBte0N8jSt8=,GvvRQ8jP6QoDAhcqF6pwdIYc5c8=
-30,-4,qUD+fcEHvAwr7JEAHBte0N8jSt8=,GvvRQ8jP6QoDAhcqF6pwdIYc5c8=
-31,-4,qUD+fcEHvAwr7JEAHBte0N8jSt8=,GvvRQ8jP6QoDAhcqF6pwdIYc5c8=
-18,-3,qUD+fcEHvAwr7JEAHBte0N8jSt8=,ySnRx2cezvRont2U0EFIyE2ncow=
-28,-4,qUD+fcEHvAwr7JEAHBte0N8jSt8=,GvvRQ8jP6QoDAhcqF6pwdIYc5c8=
-29,-3,qUD+fcEHvAwr7JEAHBte0N8jSt8=,GvvRQ8jP6QoDAhcqF6pwdIYc5c8=
-31,-2,qUD+fcEHvAwr7JEAHBte0N8jSt8=,GvvRQ8jP6QoDAhcqF6pwdIYc5c8=
-17,-2,qUD+fcEHvAwr7JEAHBte0N8jSt8=,ySnRx2cezvRont2U0EFIyE2ncow=
-27,-4,qUD+fcEHvAwr7JEAHBte0N8jSt8=,GvvRQ8jP6QoDAhcqF6pwdIYc5c8=
-26,-4,qUD+fcEHvAwr7JEAHBte0N8jSt8=,GvvRQ8jP6QoDAhcqF6pwdIYc5c8=
-27,-3,qUD+fcEHvAwr7JEAHBte0N8jSt8=,GvvRQ8jP6QoDAhcqF6pwdIYc5c8=
-30,-2,qUD+fcEHvAwr7JEAHBte0N8jSt8=,GvvRQ8jP6QoDAhcqF6pwdIYc5c8=
-29,-2,qUD+fcEHvAwr7JEAHBte0N8jSt8=,GvvRQ8jP6QoDAhcqF6pwdIYc5c8=
-31,-3,qUD+fcEHvAwr7JEAHBte0N8jSt8=,GvvRQ8jP6QoDAhcqF6pwdIYc5c8=
-26,-3,qUD+fcEHvAwr7JEAHBte0N8jSt8=,GvvRQ8jP6QoDAhcqF6pwdIYc5c8=
-27,-2,qUD+fcEHvAwr7JEAHBte0N8jSt8=,GvvRQ8jP6QoDAhcqF6pwdIYc5c8=
-28,-3,qUD+fcEHvAwr7JEAHBte0N8jSt8=,GvvRQ8jP6QoDAhcqF6pwdIYc5c8=
-28,-2,qUD+fcEHvAwr7JEAHBte0N8jSt8=,GvvRQ8jP6QoDAhcqF6pwdIYc5c8=
-26,-2,qUD+fcEHvAwr7JEAHBte0N8jSt8=,GvvRQ8jP6QoDAhcqF6pwdIYc5c8=
-20,-2,qUD+fcEHvAwr7JEAHBte0N8jSt8=,ySnRx2cezvRont2U0EFIyE2ncow=
-32,-4,qUD+fcEHvAwr7JEAHBte0N8jSt8=,GvvRQ8jP6QoDAhcqF6pwdIYc5c8=
-24,-4,qUD+fcEHvAwr7JEAHBte0N8jSt8=,ySnRx2cezvRont2U0EFIyE2ncow=
-23,-3,qUD+fcEHvAwr7JEAHBte0N8jSt8=,ySnRx2cezvRont2U0EFIyE2ncow=
-32,-2,qUD+fcEHvAwr7JEAHBte0N8jSt8=,GvvRQ8jP6QoDAhcqF6pwdIYc5c8=
-32,-3,qUD+fcEHvAwr7JEAHBte0N8jSt8=,GvvRQ8jP6QoDAhcqF6pwdIYc5c8=
-21,-3,qUD+fcEHvAwr7JEAHBte0N8jSt8=,ySnRx2cezvRont2U0EFIyE2ncow=
-22,-4,qUD+fcEHvAwr7JEAHBte0N8jSt8=,ySnRx2cezvRont2U0EFIyE2ncow=
-22,-3,qUD+fcEHvAwr7JEAHBte0N8jSt8=,ySnRx2cezvRont2U0EFIyE2ncow=
-19,-3,qUD+fcEHvAwr7JEAHBte0N8jSt8=,ySnRx2cezvRont2U0EFIyE2ncow=
-24,-3,qUD+fcEHvAwr7JEAHBte0N8jSt8=,ySnRx2cezvRont2U0EFIyE2ncow=
-21,-4,qUD+fcEHvAwr7JEAHBte0N8jSt8=,ySnRx2cezvRont2U0EFIyE2ncow=
-24,-2,qUD+fcEHvAwr7JEAHBte0N8jSt8=,ySnRx2cezvRont2U0EFIyE2ncow=
-24,-1,qUD+fcEHvAwr7JEAHBte0N8jSt8=,ySnRx2cezvRont2U0EFIyE2ncow=
-25,-4,qUD+fcEHvAwr7JEAHBte0N8jSt8=,GvvRQ8jP6QoDAhcqF6pwdIYc5c8=
-23,-2,qUD+fcEHvAwr7JEAHBte0N8jSt8=,ySnRx2cezvRont2U0EFIyE2ncow=
-30,-3,qUD+fcEHvAwr7JEAHBte0N8jSt8=,GvvRQ8jP6QoDAhcqF6pwdIYc5c8=
-23,-4,qUD+fcEHvAwr7JEAHBte0N8jSt8=,ySnRx2cezvRont2U0EFIyE2ncow=
-18,-4,qUD+fcEHvAwr7JEAHBte0N8jSt8=,ySnRx2cezvRont2U0EFIyE2ncow=
-25,-3,qUD+fcEHvAwr7JEAHBte0N8jSt8=,GvvRQ8jP6QoDAhcqF6pwdIYc5c8=
-30,-1,qUD+fcEHvAwr7JEAHBte0N8jSt8=,GvvRQ8jP6QoDAhcqF6pwdIYc5c8=
-29,-1,qUD+fcEHvAwr7JEAHBte0N8jSt8=,GvvRQ8jP6QoDAhcqF6pwdIYc5c8=
-23,-1,qUD+fcEHvAwr7JEAHBte0N8jSt8=,ySnRx2cezvRont2U0EFIyE2ncow=
-21,-2,qUD+fcEHvAwr7JEAHBte0N8jSt8=,ySnRx2cezvRont2U0EFIyE2ncow=
-28,-1,qUD+fcEHvAwr7JEAHBte0N8jSt8=,GvvRQ8jP6QoDAhcqF6pwdIYc5c8=
-27,-1,qUD+fcEHvAwr7JEAHBte0N8jSt8=,GvvRQ8jP6QoDAhcqF6pwdIYc5c8=
-25,-2,qUD+fcEHvAwr7JEAHBte0N8jSt8=,GvvRQ8jP6QoDAhcqF6pwdIYc5c8=
-26,-1,qUD+fcEHvAwr7JEAHBte0N8jSt8=,GvvRQ8jP6QoDAhcqF6pwdIYc5c8=
-21,-1,qUD+fcEHvAwr7JEAHBte0N8jSt8=,ySnRx2cezvRont2U0EFIyE2ncow=
-25,-1,qUD+fcEHvAwr7JEAHBte0N8jSt8=,GvvRQ8jP6QoDAhcqF6pwdIYc5c8=
-22,-2,qUD+fcEHvAwr7JEAHBte0N8jSt8=,ySnRx2cezvRont2U0EFIyE2ncow=
-22,-1,qUD+fcEHvAwr7JEAHBte0N8jSt8=,ySnRx2cezvRont2U0EFIyE2ncow=
