45,10,L1rOR3/z32oW7C/NThrEQmnGi0I=,zLylSyFThTW0yEUPxLyp5nH/81U=
46,9,L1rOR3/z32oW7C/NThrEQmnGi0I=,zLylSyFThTW0yEUPxLyp5nH/81U=
46,14,L1rOR3/z32oW7C/NThrEQmnGi0I=,zLylSyFThTW0yEUPxLyp5nH/81U=
45,14,L1rOR3/z32oW7C/NThrEQmnGi0I=,zLylSyFThTW0yEUPxLyp5nH/81U=
44,14,L1rOR3/z32oW7C/NThrEQmnGi0I=,zLylSyFThTW0yEUPxLyp5nH/81U=
43,14,L1rOR3/z32oW7C/NThrEQmnGi0I=,zLylSyFThTW0yEUPxLyp5nH/81U=
46,13,L1rOR3/z32oW7C/NThrEQmnGi0I=,zLylSyFThTW0yEUPxLyp5nH/81U=
45,13,L1rOR3/z32oW7C/NThrEQmnGi0I=,zLylSyFThTW0yEUPxLyp5nH/81U=
44,13,L1rOR3/z32oW7C/NThrEQmnGi0I=,zLylSyFThTW0yEUPxLyp5nH/81U=
46,12,L1rOR3/z32oW7C/NThrEQmnGi0I=,zLylSyFThTW0yEUPxLyp5nH/81U=
43,13,L1rOR3/z32oW7C/NThrEQmnGi0I=,zLylSyFThTW0yEUPxLyp5nH/81U=
45,12,L1rOR3/z32oW7C/NThrEQmnGi0I=,zLylSyFThTW0yEUPxLyp5nH/81U=
44,12,L1rOR3/z32oW7C/NThrEQmnGi0I=,zLylSyFThTW0yEUPxLyp5nH/81U=
43,12,L1rOR3/z32oW7C/NThrEQmnGi0I=,zLylSyFThTW0yEUPxLyp5nH/81U=
42,12,L1rOR3/z32oW7C/NThrEQmnGi0I=,zLylSyFThTW0yEUPxLyp5nH/81U=
45,11,L1rOR3/z32oW7C/NThrEQmnGi0I=,zLylSyFThTW0yEUPxLyp5nH/81U=
46,11,L1rOR3/z32oW7C/NThrEQmnGi0I=,zLylSyFThTW0yEUPxLyp5nH/81U=
43,11,L1rOR3/z32oW7C/NThrEQmnGi0I=,zLylSyFThTW0yEUPxLyp5nH/81U=
44,11,L1rOR3/z32oW7C/NThrEQmnGi0I=,zLylSyFThTW0yEUPxLyp5nH/81U=
47,10,L1rOR3/z32oW7C/NThrEQmnGi0I=,zLylSyFThTW0yEUPxLyp5nH/81U=
46,10,L1rOR3/z32oW7C/NThrEQmnGi0I=,zLylSyFThTW0yEUPxLyp5nH/81U=
47,11,L1rOR3/z32oW7C/NThrEQmnGi0I=,zLylSyFThTW0yEUPxLyp5nH/81U=
47,12,L1rOR3/z32oW7C/NThrEQmnGi0I=,zLylSyFThTW0yEUPxLyp5nH/81U=
47,13,L1rOR3/z32oW7C/NThrEQmnGi0I=,zLylSyFThTW0yEUPxLyp5nH/81U=
47,9,L1rOR3/z32oW7C/NThrEQmnGi0I=,zLylSyFThTW0yEUPxLyp5nH/81U=
47,14,L1rOR3/z32oW7C/NThrEQmnGi0I=,zLylSyFThTW0yEUPxLyp5nH/81U=
39,5,L1rOR3/z32oW7C/NThrEQmnGi0I=,G9rTv1qzSp2YDEpANYumi4qgk+c=
39,7,L1rOR3/z32oW7C/NThrEQmnGi0I=,G9rTv1qzSp2YDEpANYumi4qgk+c=
39,8,L1rOR3/z32oW7C/NThrEQmnGi0I=,2UOkcV/9/pz3mlCCJlIlicta1HM=
43,10,L1rOR3/z32oW7C/NThrEQmnGi0I=,zLylSyFThTW0yEUPxLyp5nH/81U=
43,8,L1rOR3/z32oW7C/NThrEQmnGi0I=,zLylSyFThTW0yEUPxLyp5nH/81U=
39,6,L1rOR3/z32oW7C/NThrEQmnGi0I=,G9rTv1qzSp2YDEpANYumi4qgk+c=
42,8,L1rOR3/z32oW7C/NThrEQmnGi0I=,zLylSyFThTW0yEUPxLyp5nH/81U=
40,6,L1rOR3/z32oW7C/NThrEQmnGi0I=,tdBxQYb9DG7r9MBTxp9lPBgRiS8=
41,8,L1rOR3/z32oW7C/NThrEQmnGi0I=,zLylSyFThTW0yEUPxLyp5nH/81U=
43,9,L1rOR3/z32oW7C/NThrEQmnGi0I=,zLylSyFThTW0yEUPxLyp5nH/81U=
41,10,L1rOR3/z32oW7C/NThrEQmnGi0I=,zLylSyFThTW0yEUPxLyp5nH/81U=
37,5,L1rOR3/z32oW7C/NThrEQmnGi0I=,G9rTv1qzSp2YDEpANYumi4qgk+c=
42,11,L1rOR3/z32oW7C/NThrEQmnGi0I=,zLylSyFThTW0yEUPxLyp5nH/81U=
42,9,L1rOR3/z32oW7C/NThrEQmnGi0I=,zLylSyFThTW0yEUPxLyp5nH/81U=
42,10,L1rOR3/z32oW7C/NThrEQmnGi0I=,zLylSyFThTW0yEUPxLyp5nH/81U=
44,10,L1rOR3/z32oW7C/NThrEQmnGi0I=,zLylSyFThTW0yEUPxLyp5nH/81U=
41,11,L1rOR3/z32oW7C/NThrEQmnGi0I=,zLylSyFThTW0yEUPxLyp5nH/81U=
41,6,L1rOR3/z32oW7C/NThrEQmnGi0I=,tdBxQYb9DG7r9MBTxp9lPBgRiS8=
40,11,L1rOR3/z32oW7C/NThrEQmnGi0I=,zLylSyFThTW0yEUPxLyp5nH/81U=
47,8,L1rOR3/z32oW7C/NThrEQmnGi0I=,zLylSyFThTW0yEUPxLyp5nH/81U=
43,5,L1rOR3/z32oW7C/NThrEQmnGi0I=,tdBxQYb9DG7r9MBTxp9lPBgRiS8=
36,5,L1rOR3/z32oW7C/NThrEQmnGi0I=,G9rTv1qzSp2YDEpANYumi4qgk+c=
43,6,L1rOR3/z32oW7C/NThrEQmnGi0I=,tdBxQYb9DG7r9MBTxp9lPBgRiS8=
43,4,L1rOR3/z32oW7C/NThrEQmnGi0I=,tdBxQYb9DG7r9MBTxp9lPBgRiS8=
42,4,L1rOR3/z32oW7C/NThrEQmnGi0I=,tdBxQYb9DG7r9MBTxp9lPBgRiS8=
44,4,L1rOR3/z32oW7C/NThrEQmnGi0I=,tdBxQYb9DG7r9MBTxp9lPBgRiS8=
40,8,L1rOR3/z32oW7C/NThrEQmnGi0I=,zLylSyFThTW0yEUPxLyp5nH/81U=
40,7,L1rOR3/z32oW7C/NThrEQmnGi0I=,tdBxQYb9DG7r9MBTxp9lPBgRiS8=
40,10,L1rOR3/z32oW7C/NThrEQmnGi0I=,zLylSyFThTW0yEUPxLyp5nH/81U=
41,9,L1rOR3/z32oW7C/NThrEQmnGi0I=,zLylSyFThTW0yEUPxLyp5nH/81U=
41,4,L1rOR3/z32oW7C/NThrEQmnGi0I=,tdBxQYb9DG7r9MBTxp9lPBgRiS8=
47,3,L1rOR3/z32oW7C/NThrEQmnGi0I=,tdBxQYb9DG7r9MBTxp9lPBgRiS8=
42,7,L1rOR3/z32oW7C/NThrEQmnGi0I=,tdBxQYb9DG7r9MBTxp9lPBgRiS8=
47,6,L1rOR3/z32oW7C/NThrEQmnGi0I=,tdBxQYb9DG7r9MBTxp9lPBgRiS8=
44,8,L1rOR3/z32oW7C/NThrEQmnGi0I=,zLylSyFThTW0yEUPxLyp5nH/81U=
41,7,L1rOR3/z32oW7C/NThrEQmnGi0I=,tdBxQYb9DG7r9MBTxp9lPBgRiS8=
42,5,L1rOR3/z32oW7C/NThrEQmnGi0I=,tdBxQYb9DG7r9MBTxp9lPBgRiS8=
39,0,L1rOR3/z32oW7C/NThrEQmnGi0I=,G9rTv1qzSp2YDEpANYumi4qgk+c=
40,5,L1rOR3/z32oW7C/NThrEQmnGi0I=,tdBxQYb9DG7r9MBTxp9lPBgRiS8=
38,8,L1rOR3/z32oW7C/NThrEQmnGi0I=,2UOkcV/9/pz3mlCCJlIlicta1HM=
40,9,L1rOR3/z32oW7C/NThrEQmnGi0I=,zLylSyFThTW0yEUPxLyp5nH/81U=
42,6,L1rOR3/z32oW7C/NThrEQmnGi0I=,tdBxQYb9DG7r9MBTxp9lPBgRiS8=
46,3,L1rOR3/z32oW7C/NThrEQmnGi0I=,tdBxQYb9DG7r9MBTxp9lPBgRiS8=
45,3,L1rOR3/z32oW7C/NThrEQmnGi0I=,tdBxQYb9DG7r9MBTxp9lPBgRiS8=
36,0,L1rOR3/z32oW7C/NThrEQmnGi0I=,G9rTv1qzSp2YDEpANYumi4qgk+c=
39,4,L1rOR3/z32oW7C/NThrEQmnGi0I=,G9rTv1qzSp2YDEpANYumi4qgk+c=
45,4,L1rOR3/z32oW7C/NThrEQmnGi0I=,tdBxQYb9DG7r9MBTxp9lPBgRiS8=
45,7,L1rOR3/z32oW7C/NThrEQmnGi0I=,tdBxQYb9DG7r9MBTxp9lPBgRiS8=
38,7,L1rOR3/z32oW7C/NThrEQmnGi0I=,G9rTv1qzSp2YDEpANYumi4qgk+c=
43,7,L1rOR3/z32oW7C/NThrEQmnGi0I=,tdBxQYb9DG7r9MBTxp9lPBgRiS8=
44,7,L1rOR3/z32oW7C/NThrEQmnGi0I=,tdBxQYb9DG7r9MBTxp9lPBgRiS8=
37,0,L1rOR3/z32oW7C/NThrEQmnGi0I=,G9rTv1qzSp2YDEpANYumi4qgk+c=
40,4,L1rOR3/z32oW7C/NThrEQmnGi0I=,tdBxQYb9DG7r9MBTxp9lPBgRiS8=
38,0,L1rOR3/z32oW7C/NThrEQmnGi0I=,G9rTv1qzSp2YDEpANYumi4qgk+c=
40,0,L1rOR3/z32oW7C/NThrEQmnGi0I=,tdBxQYb9DG7r9MBTxp9lPBgRiS8=
47,2,L1rOR3/z32oW7C/NThrEQmnGi0I=,tdBxQYb9DG7r9MBTxp9lPBgRiS8=
36,3,L1rOR3/z32oW7C/NThrEQmnGi0I=,G9rTv1qzSp2YDEpANYumi4qgk+c=
45,9,L1rOR3/z32oW7C/NThrEQmnGi0I=,zLylSyFThTW0yEUPxLyp5nH/81U=
39,1,L1rOR3/z32oW7C/NThrEQmnGi0I=,G9rTv1qzSp2YDEpANYumi4qgk+c=
37,1,L1rOR3/z32oW7C/NThrEQmnGi0I=,G9rTv1qzSp2YDEpANYumi4qgk+c=
38,10,L1rOR3/z32oW7C/NThrEQmnGi0I=,2UOkcV/9/pz3mlCCJlIlicta1HM=
41,5,L1rOR3/z32oW7C/NThrEQmnGi0I=,tdBxQYb9DG7r9MBTxp9lPBgRiS8=
36,1,L1rOR3/z32oW7C/NThrEQmnGi0I=,G9rTv1qzSp2YDEpANYumi4qgk+c=
45,8,L1rOR3/z32oW7C/NThrEQmnGi0I=,zLylSyFThTW0yEUPxLyp5nH/81U=
39,10,L1rOR3/z32oW7C/NThrEQmnGi0I=,2UOkcV/9/pz3mlCCJlIlicta1HM=
36,10,L1rOR3/z32oW7C/NThrEQmnGi0I=,2UOkcV/9/pz3mlCCJlIlicta1HM=
44,9,L1rOR3/z32oW7C/NThrEQmnGi0I=,zLylSyFThTW0yEUPxLyp5nH/81U=
37,7,L1rOR3/z32oW7C/NThrEQmnGi0I=,G9rTv1qzSp2YDEpANYumi4qgk+c=
44,3,L1rOR3/z32oW7C/NThrEQmnGi0I=,tdBxQYb9DG7r9MBTxp9lPBgRiS8=
37,11,L1rOR3/z32oW7C/NThrEQmnGi0I=,2UOkcV/9/pz3mlCCJlIlicta1HM=
46,4,L1rOR3/z32oW7C/NThrEQmnGi0I=,tdBxQYb9DG7r9MBTxp9lPBgRiS8=
36,11,L1rOR3/z32oW7C/NThrEQmnGi0I=,2UOkcV/9/pz3mlCCJlIlicta1HM=
47,1,L1rOR3/z32oW7C/NThrEQmnGi0I=,tdBxQYb9DG7r9MBTxp9lPBgRiS8=
36,2,L1rOR3/z32oW7C/NThrEQmnGi0I=,G9rTv1qzSp2YDEpANYumi4qgk+c=
37,9,L1rOR3/z32oW7C/NThrEQmnGi0I=,2UOkcV/9/pz3mlCCJlIlicta1HM=
37,3,L1rOR3/z32oW7C/NThrEQmnGi0I=,G9rTv1qzSp2YDEpANYumi4qgk+c=
37,10,L1rOR3/z32oW7C/NThrEQmnGi0I=,2UOkcV/9/pz3mlCCJlIlicta1HM=
38,1,L1rOR3/z32oW7C/NThrEQmnGi0I=,G9rTv1qzSp2YDEpANYumi4qgk+c=
36,7,L1rOR3/z32oW7C/NThrEQmnGi0I=,G9rTv1qzSp2YDEpANYumi4qgk+c=
47,0,L1rOR3/z32oW7C/NThrEQmnGi0I=,tdBxQYb9DG7r9MBTxp9lPBgRiS8=
39,3,L1rOR3/z32oW7C/NThrEQmnGi0I=,G9rTv1qzSp2YDEpANYumi4qgk+c=
36,9,L1rOR3/z32oW7C/NThrEQmnGi0I=,2UOkcV/9/pz3mlCCJlIlicta1HM=
37,2,L1rOR3/z32oW7C/NThrEQmnGi0I=,G9rTv1qzSp2YDEpANYumi4qgk+c=
44,1,L1rOR3/z32oW7C/NThrEQmnGi0I=,tdBxQYb9DG7r9MBTxp9lPBgRiS8=
45,1,L1rOR3/z32oW7C/NThrEQmnGi0I=,tdBxQYb9DG7r9MBTxp9lPBgRiS8=
38,11,L1rOR3/z32oW7C/NThrEQmnGi0I=,2UOkcV/9/pz3mlCCJlIlicta1HM=
38,9,L1rOR3/z32oW7C/NThrEQmnGi0I=,2UOkcV/9/pz3mlCCJlIlicta1HM=
46,0,L1rOR3/z32oW7C/NThrEQmnGi0I=,tdBxQYb9DG7r9MBTxp9lPBgRiS8=
46,8,L1rOR3/z32oW7C/NThrEQmnGi0I=,zLylSyFThTW0yEUPxLyp5nH/81U=
39,9,L1rOR3/z32oW7C/NThrEQmnGi0I=,2UOkcV/9/pz3mlCCJlIlicta1HM=
46,1,L1rOR3/z32oW7C/NThrEQmnGi0I=,tdBxQYb9DG7r9MBTxp9lPBgRiS8=
39,2,L1rOR3/z32oW7C/NThrEQmnGi0I=,G9rTv1qzSp2YDEpANYumi4qgk+c=
44,5,L1rOR3/z32oW7C/NThrEQmnGi0I=,tdBxQYb9DG7r9MBTxp9lPBgRiS8=
45,0,L1rOR3/z32oW7C/NThrEQmnGi0I=,tdBxQYb9DG7r9MBTxp9lPBgRiS8=
46,7,L1rOR3/z32oW7C/NThrEQmnGi0I=,tdBxQYb9DG7r9MBTxp9lPBgRiS8=
37,6,L1rOR3/z32oW7C/NThrEQmnGi0I=,G9rTv1qzSp2YDEpANYumi4qgk+c=
39,11,L1rOR3/z32oW7C/NThrEQmnGi0I=,2UOkcV/9/pz3mlCCJlIlicta1HM=
43,0,L1rOR3/z32oW7C/NThrEQmnGi0I=,tdBxQYb9DG7r9MBTxp9lPBgRiS8=
45,15,L1rOR3/z32oW7C/NThrEQmnGi0I=,zLylSyFThTW0yEUPxLyp5nH/81U=
46,15,L1rOR3/z32oW7C/NThrEQmnGi0I=,zLylSyFThTW0yEUPxLyp5nH/81U=
47,15,L1rOR3/z32oW7C/NThrEQmnGi0I=,zLylSyFThTW0yEUPxLyp5nH/81U=
32,7,L1rOR3/z32oW7C/NThrEQmnGi0I=,G9rTv1qzSp2YDEpANYumi4qgk+c=
44,15,L1rOR3/z32oW7C/NThrEQmnGi0I=,zLylSyFThTW0yEUPxLyp5nH/81U=
36,6,L1rOR3/z32oW7C/NThrEQmnGi0I=,G9rTv1qzSp2YDEpANYumi4qgk+c=
38,2,L1rOR3/z32oW7C/NThrEQmnGi0I=,G9rTv1qzSp2YDEpANYumi4qgk+c=
42,0,L1rOR3/z32oW7C/NThrEQmnGi0I=,tdBxQYb9DG7r9MBTxp9lPBgRiS8=
38,6,L1rOR3/z32oW7C/NThrEQmnGi0I=,G9rTv1qzSp2YDEpANYumi4qgk+c=
37,4,L1rOR3/z32oW7C/NThrEQmnGi0I=,G9rTv1qzSp2YDEpANYumi4qgk+c=
44,0,L1rOR3/z32oW7C/NThrEQmnGi0I=,tdBxQYb9DG7r9MBTxp9lPBgRiS8=
40,1,L1rOR3/z32oW7C/NThrEQmnGi0I=,tdBxQYb9DG7r9MBTxp9lPBgRiS8=
46,6,L1rOR3/z32oW7C/NThrEQmnGi0I=,tdBxQYb9DG7r9MBTxp9lPBgRiS8=
36,4,L1rOR3/z32oW7C/NThrEQmnGi0I=,G9rTv1qzSp2YDEpANYumi4qgk+c=
45,2,L1rOR3/z32oW7C/NThrEQmnGi0I=,tdBxQYb9DG7r9MBTxp9lPBgRiS8=
44,2,L1rOR3/z32oW7C/NThrEQmnGi0I=,tdBxQYb9DG7r9MBTxp9lPBgRiS8=
38,4,L1rOR3/z32oW7C/NThrEQmnGi0I=,G9rTv1qzSp2YDEpANYumi4qgk+c=
36,8,L1rOR3/z32oW7C/NThrEQmnGi0I=,2UOkcV/9/pz3mlCCJlIlicta1HM=
32,4,L1rOR3/z32oW7C/NThrEQmnGi0I=,G9rTv1qzSp2YDEpANYumi4qgk+c=
47,5,L1rOR3/z32oW7C/NThrEQmnGi0I=,tdBxQYb9DG7r9MBTxp9lPBgRiS8=
32,8,L1rOR3/z32oW7C/NThrEQmnGi0I=,2UOkcV/9/pz3mlCCJlIlicta1HM=
41,0,L1rOR3/z32oW7C/NThrEQmnGi0I=,tdBxQYb9DG7r9MBTxp9lPBgRiS8=
39,15,L1rOR3/z32oW7C/NThrEQmnGi0I=,2UOkcV/9/pz3mlCCJlIlicta1HM=
42,14,L1rOR3/z32oW7C/NThrEQmnGi0I=,zLylSyFThTW0yEUPxLyp5nH/81U=
37,8,L1rOR3/z32oW7C/NThrEQmnGi0I=,2UOkcV/9/pz3mlCCJlIlicta1HM=
42,1,L1rOR3/z32oW7C/NThrEQmnGi0I=,tdBxQYb9DG7r9MBTxp9lPBgRiS8=
38,3,L1rOR3/z32oW7C/NThrEQmnGi0I=,G9rTv1qzSp2YDEpANYumi4qgk+c=
46,2,L1rOR3/z32oW7C/NThrEQmnGi0I=,tdBxQYb9DG7r9MBTxp9lPBgRiS8=
41,1,L1rOR3/z32oW7C/NThrEQmnGi0I=,tdBxQYb9DG7r9MBTxp9lPBgRiS8=
43,3,L1rOR3/z32oW7C/NThrEQmnGi0I=,tdBxQYb9DG7r9MBTxp9lPBgRiS8=
38,5,L1rOR3/z32oW7C/NThrEQmnGi0I=,G9rTv1qzSp2YDEpANYumi4qgk+c=
44,6,L1rOR3/z32oW7C/NThrEQmnGi0I=,tdBxQYb9DG7r9MBTxp9lPBgRiS8=
45,6,L1rOR3/z32oW7C/NThrEQmnGi0I=,tdBxQYb9DG7r9MBTxp9lPBgRiS8=
38,15,L1rOR3/z32oW7C/NThrEQmnGi0I=,2UOkcV/9/pz3mlCCJlIlicta1HM=
32,0,L1rOR3/z32oW7C/NThrEQmnGi0I=,G9rTv1qzSp2YDEpANYumi4qgk+c=
32,11,L1rOR3/z32oW7C/NThrEQmnGi0I=,2UOkcV/9/pz3mlCCJlIlicta1HM=
35,10,L1rOR3/z32oW7C/NThrEQmnGi0I=,2UOkcV/9/pz3mlCCJlIlicta1HM=
40,2,L1rOR3/z32oW7C/NThrEQmnGi0I=,tdBxQYb9DG7r9MBTxp9lPBgRiS8=
32,13,L1rOR3/z32oW7C/NThrEQmnGi0I=,2UOkcV/9/pz3mlCCJlIlicta1HM=
33,9,L1rOR3/z32oW7C/NThrEQmnGi0I=,2UOkcV/9/pz3mlCCJlIlicta1HM=
33,11,L1rOR3/z32oW7C/NThrEQmnGi0I=,2UOkcV/9/pz3mlCCJlIlicta1HM=
32,5,L1rOR3/z32oW7C/NThrEQmnGi0I=,G9rTv1qzSp2YDEpANYumi4qgk+c=
34,11,L1rOR3/z32oW7C/NThrEQmnGi0I=,2UOkcV/9/pz3mlCCJlIlicta1HM=
35,9,L1rOR3/z32oW7C/NThrEQmnGi0I=,2UOkcV/9/pz3mlCCJlIlicta1HM=
42,3,L1rOR3/z32oW7C/NThrEQmnGi0I=,tdBxQYb9DG7r9MBTxp9lPBgRiS8=
47,7,L1rOR3/z32oW7C/NThrEQmnGi0I=,tdBxQYb9DG7r9MBTxp9lPBgRiS8=
34,8,L1rOR3/z32oW7C/NThrEQmnGi0I=,2UOkcV/9/pz3mlCCJlIlicta1HM=
47,4,L1rOR3/z32oW7C/NThrEQmnGi0I=,tdBxQYb9DG7r9MBTxp9lPBgRiS8=
34,3,L1rOR3/z32oW7C/NThrEQmnGi0I=,G9rTv1qzSp2YDEpANYumi4qgk+c=
32,6,L1rOR3/z32oW7C/NThrEQmnGi0I=,G9rTv1qzSp2YDEpANYumi4qgk+c=
33,10,L1rOR3/z32oW7C/NThrEQmnGi0I=,2UOkcV/9/pz3mlCCJlIlicta1HM=
34,10,L1rOR3/z32oW7C/NThrEQmnGi0I=,2UOkcV/9/pz3mlCCJlIlicta1HM=
34,9,L1rOR3/z32oW7C/NThrEQmnGi0I=,2UOkcV/9/pz3mlCCJlIlicta1HM=
35,8,L1rOR3/z32oW7C/NThrEQmnGi0I=,2UOkcV/9/pz3mlCCJlIlicta1HM=
32,9,L1rOR3/z32oW7C/NThrEQmnGi0I=,2UOkcV/9/pz3mlCCJlIlicta1HM=
43,2,L1rOR3/z32oW7C/NThrEQmnGi0I=,tdBxQYb9DG7r9MBTxp9lPBgRiS8=
35,11,L1rOR3/z32oW7C/NThrEQmnGi0I=,2UOkcV/9/pz3mlCCJlIlicta1HM=
45,5,L1rOR3/z32oW7C/NThrEQmnGi0I=,tdBxQYb9DG7r9MBTxp9lPBgRiS8=
46,5,L1rOR3/z32oW7C/NThrEQmnGi0I=,tdBxQYb9DG7r9MBTxp9lPBgRiS8=
32,3,L1rOR3/z32oW7C/NThrEQmnGi0I=,G9rTv1qzSp2YDEpANYumi4qgk+c=
37,15,L1rOR3/z32oW7C/NThrEQmnGi0I=,2UOkcV/9/pz3mlCCJlIlicta1HM=
33,7,L1rOR3/z32oW7C/NThrEQmnGi0I=,G9rTv1qzSp2YDEpANYumi4qgk+c=
41,3,L1rOR3/z32oW7C/NThrEQmnGi0I=,tdBxQYb9DG7r9MBTxp9lPBgRiS8=
42,2,L1rOR3/z32oW7C/NThrEQmnGi0I=,tdBxQYb9DG7r9MBTxp9lPBgRiS8=
41,2,L1rOR3/z32oW7C/NThrEQmnGi0I=,tdBxQYb9DG7r9MBTxp9lPBgRiS8=
32,10,L1rOR3/z32oW7C/NThrEQmnGi0I=,2UOkcV/9/pz3mlCCJlIlicta1HM=
33,8,L1rOR3/z32oW7C/NThrEQmnGi0I=,2UOkcV/9/pz3mlCCJlIlicta1HM=
33,1,L1rOR3/z32oW7C/NThrEQmnGi0I=,G9rTv1qzSp2YDEpANYumi4qgk+c=
35,1,L1rOR3/z32oW7C/NThrEQmnGi0I=,G9rTv1qzSp2YDEpANYumi4qgk+c=
34,6,L1rOR3/z32oW7C/NThrEQmnGi0I=,G9rTv1qzSp2YDEpANYumi4qgk+c=
33,6,L1rOR3/z32oW7C/NThrEQmnGi0I=,G9rTv1qzSp2YDEpANYumi4qgk+c=
34,2,L1rOR3/z32oW7C/NThrEQmnGi0I=,G9rTv1qzSp2YDEpANYumi4qgk+c=
35,0,L1rOR3/z32oW7C/NThrEQmnGi0I=,G9rTv1qzSp2YDEpANYumi4qgk+c=
36,15,L1rOR3/z32oW7C/NThrEQmnGi0I=,2UOkcV/9/pz3mlCCJlIlicta1HM=
33,4,L1rOR3/z32oW7C/NThrEQmnGi0I=,G9rTv1qzSp2YDEpANYumi4qgk+c=
40,3,L1rOR3/z32oW7C/NThrEQmnGi0I=,tdBxQYb9DG7r9MBTxp9lPBgRiS8=
43,1,L1rOR3/z32oW7C/NThrEQmnGi0I=,tdBxQYb9DG7r9MBTxp9lPBgRiS8=
34,0,L1rOR3/z32oW7C/NThrEQmnGi0I=,G9rTv1qzSp2YDEpANYumi4qgk+c=
35,6,L1rOR3/z32oW7C/NThrEQmnGi0I=,G9rTv1qzSp2YDEpANYumi4qgk+c=
35,15,L1rOR3/z32oW7C/NThrEQmnGi0I=,2UOkcV/9/pz3mlCCJlIlicta1HM=
32,1,L1rOR3/z32oW7C/NThrEQmnGi0I=,G9rTv1qzSp2YDEpANYumi4qgk+c=
32,2,L1rOR3/z32oW7C/NThrEQmnGi0I=,G9rTv1qzSp2YDEpANYumi4qgk+c=
42,13,L1rOR3/z32oW7C/NThrEQmnGi0I=,zLylSyFThTW0yEUPxLyp5nH/81U=
33,3,L1rOR3/z32oW7C/NThrEQmnGi0I=,G9rTv1qzSp2YDEpANYumi4qgk+c=
35,7,L1rOR3/z32oW7C/NThrEQmnGi0I=,G9rTv1qzSp2YDEpANYumi4qgk+c=
41,12,L1rOR3/z32oW7C/NThrEQmnGi0I=,zLylSyFThTW0yEUPxLyp5nH/81U=
35,5,L1rOR3/z32oW7C/NThrEQmnGi0I=,G9rTv1qzSp2YDEpANYumi4qgk+c=
35,4,L1rOR3/z32oW7C/NThrEQmnGi0I=,G9rTv1qzSp2YDEpANYumi4qgk+c=
33,5,L1rOR3/z32oW7C/NThrEQmnGi0I=,G9rTv1qzSp2YDEpANYumi4qgk+c=
33,0,L1rOR3/z32oW7C/NThrEQmnGi0I=,G9rTv1qzSp2YDEpANYumi4qgk+c=
33,2,L1rOR3/z32oW7C/NThrEQmnGi0I=,G9rTv1qzSp2YDEpANYumi4qgk+c=
34,1,L1rOR3/z32oW7C/NThrEQmnGi0I=,G9rTv1qzSp2YDEpANYumi4qgk+c=
35,2,L1rOR3/z32oW7C/NThrEQmnGi0I=,G9rTv1qzSp2YDEpANYumi4qgk+c=
41,13,L1rOR3/z32oW7C/NThrEQmnGi0I=,zLylSyFThTW0yEUPxLyp5nH/81U=
35,3,L1rOR3/z32oW7C/NThrEQmnGi0I=,G9rTv1qzSp2YDEpANYumi4qgk+c=
40,12,L1rOR3/z32oW7C/NThrEQmnGi0I=,zLylSyFThTW0yEUPxLyp5nH/81U=
33,12,L1rOR3/z32oW7C/NThrEQmnGi0I=,2UOkcV/9/pz3mlCCJlIlicta1HM=
34,4,L1rOR3/z32oW7C/NThrEQmnGi0I=,G9rTv1qzSp2YDEpANYumi4qgk+c=
34,7,L1rOR3/z32oW7C/NThrEQmnGi0I=,G9rTv1qzSp2YDEpANYumi4qgk+c=
35,14,L1rOR3/z32oW7C/NThrEQmnGi0I=,2UOkcV/9/pz3mlCCJlIlicta1HM=
34,5,L1rOR3/z32oW7C/NThrEQmnGi0I=,G9rTv1qzSp2YDEpANYumi4qgk+c=
32,15,L1rOR3/z32oW7C/NThrEQmnGi0I=,2UOkcV/9/pz3mlCCJlIlicta1HM=
40,14,L1rOR3/z32oW7C/NThrEQmnGi0I=,zLylSyFThTW0yEUPxLyp5nH/81U=
35,13,L1rOR3/z32oW7C/NThrEQmnGi0I=,2UOkcV/9/pz3mlCCJlIlicta1HM=
33,13,L1rOR3/z32oW7C/NThrEQmnGi0I=,2UOkcV/9/pz3mlCCJlIlicta1HM=
37,13,L1rOR3/z32oW7C/NThrEQmnGi0I=,2UOkcV/9/pz3mlCCJlIlicta1HM=
39,12,L1rOR3/z32oW7C/NThrEQmnGi0I=,2UOkcV/9/pz3mlCCJlIlicta1HM=
34,12,L1rOR3/z32oW7C/NThrEQmnGi0I=,2UOkcV/9/pz3mlCCJlIlicta1HM=
35,12,L1rOR3/z32oW7C/NThrEQmnGi0I=,2UOkcV/9/pz3mlCCJlIlicta1HM=
34,13,L1rOR3/z32oW7C/NThrEQmnGi0I=,2UOkcV/9/pz3mlCCJlIlicta1HM=
36,13,L1rOR3/z32oW7C/NThrEQmnGi0I=,2UOkcV/9/pz3mlCCJlIlicta1HM=
37,12,L1rOR3/z32oW7C/NThrEQmnGi0I=,2UOkcV/9/pz3mlCCJlIlicta1HM=
40,15,L1rOR3/z32oW7C/NThrEQmnGi0I=,zLylSyFThTW0yEUPxLyp5nH/81U=
34,14,L1rOR3/z32oW7C/NThrEQmnGi0I=,2UOkcV/9/pz3mlCCJlIlicta1HM=
37,14,L1rOR3/z32oW7C/NThrEQmnGi0I=,2UOkcV/9/pz3mlCCJlIlicta1HM=
41,14,L1rOR3/z32oW7C/NThrEQmnGi0I=,zLylSyFThTW0yEUPxLyp5nH/81U=
39,13,L1rOR3/z32oW7C/NThrEQmnGi0I=,2UOkcV/9/pz3mlCCJlIlicta1HM=
43,15,L1rOR3/z32oW7C/NThrEQmnGi0I=,zLylSyFThTW0yEUPxLyp5nH/81U=
33,15,L1rOR3/z32oW7C/NThrEQmnGi0I=,2UOkcV/9/pz3mlCCJlIlicta1HM=
34,15,L1rOR3/z32oW7C/NThrEQmnGi0I=,2UOkcV/9/pz3mlCCJlIlicta1HM=
39,14,L1rOR3/z32oW7C/NThrEQmnGi0I=,2UOkcV/9/pz3mlCCJlIlicta1HM=
38,12,L1rOR3/z32oW7C/NThrEQmnGi0I=,2UOkcV/9/pz3mlCCJlIlicta1HM=
32,12,L1rOR3/z32oW7C/NThrEQmnGi0I=,2UOkcV/9/pz3mlCCJlIlicta1HM=
33,14,L1rOR3/z32oW7C/NThrEQmnGi0I=,2UOkcV/9/pz3mlCCJlIlicta1HM=
36,12,L1rOR3/z32oW7C/NThrEQmnGi0I=,2UOkcV/9/pz3mlCCJlIlicta1HM=
36,14,L1rOR3/z32oW7C/NThrEQmnGi0I=,2UOkcV/9/pz3mlCCJlIlicta1HM=
38,13,L1rOR3/z32oW7C/NThrEQmnGi0I=,2UOkcV/9/pz3mlCCJlIlicta1HM=
42,15,L1rOR3/z32oW7C/NThrEQmnGi0I=,zLylSyFThTW0yEUPxLyp5nH/81U=
38,14,L1rOR3/z32oW7C/NThrEQmnGi0I=,2UOkcV/9/pz3mlCCJlIlicta1HM=
40,13,L1rOR3/z32oW7C/NThrEQmnGi0I=,zLylSyFThTW0yEUPxLyp5nH/81U=
32,14,L1rOR3/z32oW7C/NThrEQmnGi0I=,2UOkcV/9/pz3mlCCJlIlicta1HM=
41,15,L1rOR3/z32oW7C/NThrEQmnGi0I=,zLylSyFThTW0yEUPxLyp5nH/81U=
33,26,PD3gMgqrK8U/RVh93UJUoG7qIIg=,zLylSyFThTW0yEUPxLyp5nH/81U=
37,25,PD3gMgqrK8U/RVh93UJUoG7qIIg=,zLylSyFThTW0yEUPxLyp5nH/81U=
36,25,PD3gMgqrK8U/RVh93UJUoG7qIIg=,zLylSyFThTW0yEUPxLyp5nH/81U=
35,25,PD3gMgqrK8U/RVh93UJUoG7qIIg=,zLylSyFThTW0yEUPxLyp5nH/81U=
34,25,PD3gMgqrK8U/RVh93UJUoG7qIIg=,zLylSyFThTW0yEUPxLyp5nH/81U=
33,25,PD3gMgqrK8U/RVh93UJUoG7qIIg=,zLylSyFThTW0yEUPxLyp5nH/81U=
38,30,PD3gMgqrK8U/RVh93UJUoG7qIIg=,zLylSyFThTW0yEUPxLyp5nH/81U=
37,30,PD3gMgqrK8U/RVh93UJUoG7qIIg=,zLylSyFThTW0yEUPxLyp5nH/81U=
36,30,PD3gMgqrK8U/RVh93UJUoG7qIIg=,zLylSyFThTW0yEUPxLyp5nH/81U=
35,30,PD3gMgqrK8U/RVh93UJUoG7qIIg=,zLylSyFThTW0yEUPxLyp5nH/81U=
34,30,PD3gMgqrK8U/RVh93UJUoG7qIIg=,zLylSyFThTW0yEUPxLyp5nH/81U=
33,30,PD3gMgqrK8U/RVh93UJUoG7qIIg=,zLylSyFThTW0yEUPxLyp5nH/81U=
38,29,PD3gMgqrK8U/RVh93UJUoG7qIIg=,zLylSyFThTW0yEUPxLyp5nH/81U=
37,29,PD3gMgqrK8U/RVh93UJUoG7qIIg=,zLylSyFThTW0yEUPxLyp5nH/81U=
36,29,PD3gMgqrK8U/RVh93UJUoG7qIIg=,zLylSyFThTW0yEUPxLyp5nH/81U=
35,29,PD3gMgqrK8U/RVh93UJUoG7qIIg=,zLylSyFThTW0yEUPxLyp5nH/81U=
34,29,PD3gMgqrK8U/RVh93UJUoG7qIIg=,zLylSyFThTW0yEUPxLyp5nH/81U=
33,29,PD3gMgqrK8U/RVh93UJUoG7qIIg=,zLylSyFThTW0yEUPxLyp5nH/81U=
38,28,PD3gMgqrK8U/RVh93UJUoG7qIIg=,zLylSyFThTW0yEUPxLyp5nH/81U=
37,28,PD3gMgqrK8U/RVh93UJUoG7qIIg=,zLylSyFThTW0yEUPxLyp5nH/81U=
36,28,PD3gMgqrK8U/RVh93UJUoG7qIIg=,zLylSyFThTW0yEUPxLyp5nH/81U=
35,28,PD3gMgqrK8U/RVh93UJUoG7qIIg=,zLylSyFThTW0yEUPxLyp5nH/81U=
34,28,PD3gMgqrK8U/RVh93UJUoG7qIIg=,zLylSyFThTW0yEUPxLyp5nH/81U=
33,28,PD3gMgqrK8U/RVh93UJUoG7qIIg=,zLylSyFThTW0yEUPxLyp5nH/81U=
38,27,PD3gMgqrK8U/RVh93UJUoG7qIIg=,zLylSyFThTW0yEUPxLyp5nH/81U=
37,27,PD3gMgqrK8U/RVh93UJUoG7qIIg=,zLylSyFThTW0yEUPxLyp5nH/81U=
36,27,PD3gMgqrK8U/RVh93UJUoG7qIIg=,zLylSyFThTW0yEUPxLyp5nH/81U=
35,27,PD3gMgqrK8U/RVh93UJUoG7qIIg=,zLylSyFThTW0yEUPxLyp5nH/81U=
34,27,PD3gMgqrK8U/RVh93UJUoG7qIIg=,zLylSyFThTW0yEUPxLyp5nH/81U=
33,27,PD3gMgqrK8U/RVh93UJUoG7qIIg=,zLylSyFThTW0yEUPxLyp5nH/81U=
38,26,PD3gMgqrK8U/RVh93UJUoG7qIIg=,zLylSyFThTW0yEUPxLyp5nH/81U=
37,26,PD3gMgqrK8U/RVh93UJUoG7qIIg=,zLylSyFThTW0yEUPxLyp5nH/81U=
36,26,PD3gMgqrK8U/RVh93UJUoG7qIIg=,zLylSyFThTW0yEUPxLyp5nH/81U=
35,26,PD3gMgqrK8U/RVh93UJUoG7qIIg=,zLylSyFThTW0yEUPxLyp5nH/81U=
34,26,PD3gMgqrK8U/RVh93UJUoG7qIIg=,zLylSyFThTW0yEUPxLyp5nH/81U=
39,26,PD3gMgqrK8U/RVh93UJUoG7qIIg=,zLylSyFThTW0yEUPxLyp5nH/81U=
41,27,PD3gMgqrK8U/RVh93UJUoG7qIIg=,zLylSyFThTW0yEUPxLyp5nH/81U=
40,27,PD3gMgqrK8U/RVh93UJUoG7qIIg=,zLylSyFThTW0yEUPxLyp5nH/81U=
42,27,PD3gMgqrK8U/RVh93UJUoG7qIIg=,zLylSyFThTW0yEUPxLyp5nH/81U=
39,27,PD3gMgqrK8U/RVh93UJUoG7qIIg=,zLylSyFThTW0yEUPxLyp5nH/81U=
40,28,PD3gMgqrK8U/RVh93UJUoG7qIIg=,zLylSyFThTW0yEUPxLyp5nH/81U=
41,28,PD3gMgqrK8U/RVh93UJUoG7qIIg=,zLylSyFThTW0yEUPxLyp5nH/81U=
42,28,PD3gMgqrK8U/RVh93UJUoG7qIIg=,zLylSyFThTW0yEUPxLyp5nH/81U=
43,28,PD3gMgqrK8U/RVh93UJUoG7qIIg=,zLylSyFThTW0yEUPxLyp5nH/81U=
44,28,PD3gMgqrK8U/RVh93UJUoG7qIIg=,zLylSyFThTW0yEUPxLyp5nH/81U=
45,28,PD3gMgqrK8U/RVh93UJUoG7qIIg=,zLylSyFThTW0yEUPxLyp5nH/81U=
46,28,PD3gMgqrK8U/RVh93UJUoG7qIIg=,zLylSyFThTW0yEUPxLyp5nH/81U=
39,28,PD3gMgqrK8U/RVh93UJUoG7qIIg=,zLylSyFThTW0yEUPxLyp5nH/81U=
40,29,PD3gMgqrK8U/RVh93UJUoG7qIIg=,zLylSyFThTW0yEUPxLyp5nH/81U=
41,29,PD3gMgqrK8U/RVh93UJUoG7qIIg=,zLylSyFThTW0yEUPxLyp5nH/81U=
42,29,PD3gMgqrK8U/RVh93UJUoG7qIIg=,zLylSyFThTW0yEUPxLyp5nH/81U=
43,29,PD3gMgqrK8U/RVh93UJUoG7qIIg=,zLylSyFThTW0yEUPxLyp5nH/81U=
44,29,PD3gMgqrK8U/RVh93UJUoG7qIIg=,zLylSyFThTW0yEUPxLyp5nH/81U=
45,29,PD3gMgqrK8U/RVh93UJUoG7qIIg=,zLylSyFThTW0yEUPxLyp5nH/81U=
46,29,PD3gMgqrK8U/RVh93UJUoG7qIIg=,zLylSyFThTW0yEUPxLyp5nH/81U=
40,30,PD3gMgqrK8U/RVh93UJUoG7qIIg=,zLylSyFThTW0yEUPxLyp5nH/81U=
41,30,PD3gMgqrK8U/RVh93UJUoG7qIIg=,zLylSyFThTW0yEUPxLyp5nH/81U=
42,30,PD3gMgqrK8U/RVh93UJUoG7qIIg=,zLylSyFThTW0yEUPxLyp5nH/81U=
39,29,PD3gMgqrK8U/RVh93UJUoG7qIIg=,zLylSyFThTW0yEUPxLyp5nH/81U=
44,30,PD3gMgqrK8U/RVh93UJUoG7qIIg=,zLylSyFThTW0yEUPxLyp5nH/81U=
45,30,PD3gMgqrK8U/RVh93UJUoG7qIIg=,zLylSyFThTW0yEUPxLyp5nH/81U=
46,30,PD3gMgqrK8U/RVh93UJUoG7qIIg=,zLylSyFThTW0yEUPxLyp5nH/81U=
43,30,PD3gMgqrK8U/RVh93UJUoG7qIIg=,zLylSyFThTW0yEUPxLyp5nH/81U=
39,30,PD3gMgqrK8U/RVh93UJUoG7qIIg=,zLylSyFThTW0yEUPxLyp5nH/81U=
40,26,PD3gMgqrK8U/RVh93UJUoG7qIIg=,zLylSyFThTW0yEUPxLyp5nH/81U=
33,24,PD3gMgqrK8U/RVh93UJUoG7qIIg=,zLylSyFThTW0yEUPxLyp5nH/81U=
33,22,PD3gMgqrK8U/RVh93UJUoG7qIIg=,kyZJCo+4eZtt6ej8raoZfG7mgso=
33,23,PD3gMgqrK8U/RVh93UJUoG7qIIg=,kyZJCo+4eZtt6ej8raoZfG7mgso=
34,22,PD3gMgqrK8U/RVh93UJUoG7qIIg=,kyZJCo+4eZtt6ej8raoZfG7mgso=
34,24,PD3gMgqrK8U/RVh93UJUoG7qIIg=,zLylSyFThTW0yEUPxLyp5nH/81U=
34,23,PD3gMgqrK8U/RVh93UJUoG7qIIg=,kyZJCo+4eZtt6ej8raoZfG7mgso=
35,23,PD3gMgqrK8U/RVh93UJUoG7qIIg=,kyZJCo+4eZtt6ej8raoZfG7mgso=
35,24,PD3gMgqrK8U/RVh93UJUoG7qIIg=,zLylSyFThTW0yEUPxLyp5nH/81U=
36,24,PD3gMgqrK8U/RVh93UJUoG7qIIg=,zLylSyFThTW0yEUPxLyp5nH/81U=
36,23,PD3gMgqrK8U/RVh93UJUoG7qIIg=,kyZJCo+4eZtt6ej8raoZfG7mgso=
39,24,PD3gMgqrK8U/RVh93UJUoG7qIIg=,zLylSyFThTW0yEUPxLyp5nH/81U=
39,21,PD3gMgqrK8U/RVh93UJUoG7qIIg=,kyZJCo+4eZtt6ej8raoZfG7mgso=
47,28,PD3gMgqrK8U/RVh93UJUoG7qIIg=,zLylSyFThTW0yEUPxLyp5nH/81U=
47,29,PD3gMgqrK8U/RVh93UJUoG7qIIg=,zLylSyFThTW0yEUPxLyp5nH/81U=
43,27,PD3gMgqrK8U/RVh93UJUoG7qIIg=,zLylSyFThTW0yEUPxLyp5nH/81U=
39,23,PD3gMgqrK8U/RVh93UJUoG7qIIg=,kyZJCo+4eZtt6ej8raoZfG7mgso=
41,26,PD3gMgqrK8U/RVh93UJUoG7qIIg=,zLylSyFThTW0yEUPxLyp5nH/81U=
42,26,PD3gMgqrK8U/RVh93UJUoG7qIIg=,zLylSyFThTW0yEUPxLyp5nH/81U=
47,30,PD3gMgqrK8U/RVh93UJUoG7qIIg=,zLylSyFThTW0yEUPxLyp5nH/81U=
40,25,PD3gMgqrK8U/RVh93UJUoG7qIIg=,zLylSyFThTW0yEUPxLyp5nH/81U=
39,20,PD3gMgqrK8U/RVh93UJUoG7qIIg=,kyZJCo+4eZtt6ej8raoZfG7mgso=
33,31,PD3gMgqrK8U/RVh93UJUoG7qIIg=,zLylSyFThTW0yEUPxLyp5nH/81U=
34,31,PD3gMgqrK8U/RVh93UJUoG7qIIg=,zLylSyFThTW0yEUPxLyp5nH/81U=
35,31,PD3gMgqrK8U/RVh93UJUoG7qIIg=,zLylSyFThTW0yEUPxLyp5nH/81U=
36,31,PD3gMgqrK8U/RVh93UJUoG7qIIg=,zLylSyFThTW0yEUPxLyp5nH/81U=
38,31,PD3gMgqrK8U/RVh93UJUoG7qIIg=,zLylSyFThTW0yEUPxLyp5nH/81U=
37,31,PD3gMgqrK8U/RVh93UJUoG7qIIg=,zLylSyFThTW0yEUPxLyp5nH/81U=
32,22,PD3gMgqrK8U/RVh93UJUoG7qIIg=,kyZJCo+4eZtt6ej8raoZfG7mgso=
32,21,PD3gMgqrK8U/RVh93UJUoG7qIIg=,kyZJCo+4eZtt6ej8raoZfG7mgso=
47,23,PD3gMgqrK8U/RVh93UJUoG7qIIg=,zLylSyFThTW0yEUPxLyp5nH/81U=
39,22,PD3gMgqrK8U/RVh93UJUoG7qIIg=,kyZJCo+4eZtt6ej8raoZfG7mgso=
42,19,PD3gMgqrK8U/RVh93UJUoG7qIIg=,zLylSyFThTW0yEUPxLyp5nH/81U=
40,21,PD3gMgqrK8U/RVh93UJUoG7qIIg=,zLylSyFThTW0yEUPxLyp5nH/81U=
41,20,PD3gMgqrK8U/RVh93UJUoG7qIIg=,zLylSyFThTW0yEUPxLyp5nH/81U=
41,19,PD3gMgqrK8U/RVh93UJUoG7qIIg=,zLylSyFThTW0yEUPxLyp5nH/81U=
38,25,PD3gMgqrK8U/RVh93UJUoG7qIIg=,zLylSyFThTW0yEUPxLyp5nH/81U=
43,20,PD3gMgqrK8U/RVh93UJUoG7qIIg=,zLylSyFThTW0yEUPxLyp5nH/81U=
40,19,PD3gMgqrK8U/RVh93UJUoG7qIIg=,zLylSyFThTW0yEUPxLyp5nH/81U=
44,20,PD3gMgqrK8U/RVh93UJUoG7qIIg=,zLylSyFThTW0yEUPxLyp5nH/81U=
42,25,PD3gMgqrK8U/RVh93UJUoG7qIIg=,zLylSyFThTW0yEUPxLyp5nH/81U=
38,24,PD3gMgqrK8U/RVh93UJUoG7qIIg=,zLylSyFThTW0yEUPxLyp5nH/81U=
43,25,PD3gMgqrK8U/RVh93UJUoG7qIIg=,zLylSyFThTW0yEUPxLyp5nH/81U=
40,20,PD3gMgqrK8U/RVh93UJUoG7qIIg=,zLylSyFThTW0yEUPxLyp5nH/81U=
32,26,PD3gMgqrK8U/RVh93UJUoG7qIIg=,zLylSyFThTW0yEUPxLyp5nH/81U=
39,25,PD3gMgqrK8U/RVh93UJUoG7qIIg=,zLylSyFThTW0yEUPxLyp5nH/81U=
32,27,PD3gMgqrK8U/RVh93UJUoG7qIIg=,zLylSyFThTW0yEUPxLyp5nH/81U=
32,24,PD3gMgqrK8U/RVh93UJUoG7qIIg=,zLylSyFThTW0yEUPxLyp5nH/81U=
32,23,PD3gMgqrK8U/RVh93UJUoG7qIIg=,kyZJCo+4eZtt6ej8raoZfG7mgso=
32,28,PD3gMgqrK8U/RVh93UJUoG7qIIg=,zLylSyFThTW0yEUPxLyp5nH/81U=
45,20,PD3gMgqrK8U/RVh93UJUoG7qIIg=,zLylSyFThTW0yEUPxLyp5nH/81U=
41,25,PD3gMgqrK8U/RVh93UJUoG7qIIg=,zLylSyFThTW0yEUPxLyp5nH/81U=
32,31,PD3gMgqrK8U/RVh93UJUoG7qIIg=,zLylSyFThTW0yEUPxLyp5nH/81U=
47,16,PD3gMgqrK8U/RVh93UJUoG7qIIg=,zLylSyFThTW0yEUPxLyp5nH/81U=
41,31,PD3gMgqrK8U/RVh93UJUoG7qIIg=,zLylSyFThTW0yEUPxLyp5nH/81U=
43,31,PD3gMgqrK8U/RVh93UJUoG7qIIg=,zLylSyFThTW0yEUPxLyp5nH/81U=
42,31,PD3gMgqrK8U/RVh93UJUoG7qIIg=,zLylSyFThTW0yEUPxLyp5nH/81U=
44,31,PD3gMgqrK8U/RVh93UJUoG7qIIg=,zLylSyFThTW0yEUPxLyp5nH/81U=
45,31,PD3gMgqrK8U/RVh93UJUoG7qIIg=,zLylSyFThTW0yEUPxLyp5nH/81U=
46,31,PD3gMgqrK8U/RVh93UJUoG7qIIg=,zLylSyFThTW0yEUPxLyp5nH/81U=
47,31,PD3gMgqrK8U/RVh93UJUoG7qIIg=,zLylSyFThTW0yEUPxLyp5nH/81U=
46,18,PD3gMgqrK8U/RVh93UJUoG7qIIg=,zLylSyFThTW0yEUPxLyp5nH/81U=
39,31,PD3gMgqrK8U/RVh93UJUoG7qIIg=,zLylSyFThTW0yEUPxLyp5nH/81U=
42,23,PD3gMgqrK8U/RVh93UJUoG7qIIg=,zLylSyFThTW0yEUPxLyp5nH/81U=
43,23,PD3gMgqrK8U/RVh93UJUoG7qIIg=,zLylSyFThTW0yEUPxLyp5nH/81U=
43,19,PD3gMgqrK8U/RVh93UJUoG7qIIg=,zLylSyFThTW0yEUPxLyp5nH/81U=
43,26,PD3gMgqrK8U/RVh93UJUoG7qIIg=,zLylSyFThTW0yEUPxLyp5nH/81U=
40,31,PD3gMgqrK8U/RVh93UJUoG7qIIg=,zLylSyFThTW0yEUPxLyp5nH/81U=
32,30,PD3gMgqrK8U/RVh93UJUoG7qIIg=,zLylSyFThTW0yEUPxLyp5nH/81U=
32,20,PD3gMgqrK8U/RVh93UJUoG7qIIg=,kyZJCo+4eZtt6ej8raoZfG7mgso=
46,20,PD3gMgqrK8U/RVh93UJUoG7qIIg=,zLylSyFThTW0yEUPxLyp5nH/81U=
47,22,PD3gMgqrK8U/RVh93UJUoG7qIIg=,zLylSyFThTW0yEUPxLyp5nH/81U=
46,22,PD3gMgqrK8U/RVh93UJUoG7qIIg=,zLylSyFThTW0yEUPxLyp5nH/81U=
38,23,PD3gMgqrK8U/RVh93UJUoG7qIIg=,kyZJCo+4eZtt6ej8raoZfG7mgso=
38,22,PD3gMgqrK8U/RVh93UJUoG7qIIg=,kyZJCo+4eZtt6ej8raoZfG7mgso=
42,20,PD3gMgqrK8U/RVh93UJUoG7qIIg=,zLylSyFThTW0yEUPxLyp5nH/81U=
45,22,PD3gMgqrK8U/RVh93UJUoG7qIIg=,zLylSyFThTW0yEUPxLyp5nH/81U=
47,24,PD3gMgqrK8U/RVh93UJUoG7qIIg=,zLylSyFThTW0yEUPxLyp5nH/81U=
39,19,PD3gMgqrK8U/RVh93UJUoG7qIIg=,kyZJCo+4eZtt6ej8raoZfG7mgso=
47,18,PD3gMgqrK8U/RVh93UJUoG7qIIg=,zLylSyFThTW0yEUPxLyp5nH/81U=
44,26,PD3gMgqrK8U/RVh93UJUoG7qIIg=,zLylSyFThTW0yEUPxLyp5nH/81U=
47,21,PD3gMgqrK8U/RVh93UJUoG7qIIg=,zLylSyFThTW0yEUPxLyp5nH/81U=
35,21,PD3gMgqrK8U/RVh93UJUoG7qIIg=,kyZJCo+4eZtt6ej8raoZfG7mgso=
33,21,PD3gMgqrK8U/RVh93UJUoG7qIIg=,kyZJCo+4eZtt6ej8raoZfG7mgso=
45,23,PD3gMgqrK8U/RVh93UJUoG7qIIg=,zLylSyFThTW0yEUPxLyp5nH/81U=
37,23,PD3gMgqrK8U/RVh93UJUoG7qIIg=,kyZJCo+4eZtt6ej8raoZfG7mgso=
44,23,PD3gMgqrK8U/RVh93UJUoG7qIIg=,zLylSyFThTW0yEUPxLyp5nH/81U=
41,21,PD3gMgqrK8U/RVh93UJUoG7qIIg=,zLylSyFThTW0yEUPxLyp5nH/81U=
40,23,PD3gMgqrK8U/RVh93UJUoG7qIIg=,zLylSyFThTW0yEUPxLyp5nH/81U=
37,24,PD3gMgqrK8U/RVh93UJUoG7qIIg=,zLylSyFThTW0yEUPxLyp5nH/81U=
47,20,PD3gMgqrK8U/RVh93UJUoG7qIIg=,zLylSyFThTW0yEUPxLyp5nH/81U=
47,17,PD3gMgqrK8U/RVh93UJUoG7qIIg=,zLylSyFThTW0yEUPxLyp5nH/81U=
44,19,PD3gMgqrK8U/RVh93UJUoG7qIIg=,zLylSyFThTW0yEUPxLyp5nH/81U=
44,17,PD3gMgqrK8U/RVh93UJUoG7qIIg=,zLylSyFThTW0yEUPxLyp5nH/81U=
36,21,PD3gMgqrK8U/RVh93UJUoG7qIIg=,kyZJCo+4eZtt6ej8raoZfG7mgso=
46,21,PD3gMgqrK8U/RVh93UJUoG7qIIg=,zLylSyFThTW0yEUPxLyp5nH/81U=
41,23,PD3gMgqrK8U/RVh93UJUoG7qIIg=,zLylSyFThTW0yEUPxLyp5nH/81U=
46,23,PD3gMgqrK8U/RVh93UJUoG7qIIg=,zLylSyFThTW0yEUPxLyp5nH/81U=
46,17,PD3gMgqrK8U/RVh93UJUoG7qIIg=,zLylSyFThTW0yEUPxLyp5nH/81U=
37,16,PD3gMgqrK8U/RVh93UJUoG7qIIg=,kyZJCo+4eZtt6ej8raoZfG7mgso=
32,16,PD3gMgqrK8U/RVh93UJUoG7qIIg=,kyZJCo+4eZtt6ej8raoZfG7mgso=
47,25,PD3gMgqrK8U/RVh93UJUoG7qIIg=,zLylSyFThTW0yEUPxLyp5nH/81U=
45,26,PD3gMgqrK8U/RVh93UJUoG7qIIg=,zLylSyFThTW0yEUPxLyp5nH/81U=
44,21,PD3gMgqrK8U/RVh93UJUoG7qIIg=,zLylSyFThTW0yEUPxLyp5nH/81U=
37,22,PD3gMgqrK8U/RVh93UJUoG7qIIg=,kyZJCo+4eZtt6ej8raoZfG7mgso=
45,19,PD3gMgqrK8U/RVh93UJUoG7qIIg=,zLylSyFThTW0yEUPxLyp5nH/81U=
41,22,PD3gMgqrK8U/RVh93UJUoG7qIIg=,zLylSyFThTW0yEUPxLyp5nH/81U=
45,21,PD3gMgqrK8U/RVh93UJUoG7qIIg=,zLylSyFThTW0yEUPxLyp5nH/81U=
42,22,PD3gMgqrK8U/RVh93UJUoG7qIIg=,zLylSyFThTW0yEUPxLyp5nH/81U=
36,20,PD3gMgqrK8U/RVh93UJUoG7qIIg=,kyZJCo+4eZtt6ej8raoZfG7mgso=
43,22,PD3gMgqrK8U/RVh93UJUoG7qIIg=,zLylSyFThTW0yEUPxLyp5nH/81U=
34,21,PD3gMgqrK8U/RVh93UJUoG7qIIg=,kyZJCo+4eZtt6ej8raoZfG7mgso=
33,19,PD3gMgqrK8U/RVh93UJUoG7qIIg=,kyZJCo+4eZtt6ej8raoZfG7mgso=
38,21,PD3gMgqrK8U/RVh93UJUoG7qIIg=,kyZJCo+4eZtt6ej8raoZfG7mgso=
39,18,PD3gMgqrK8U/RVh93UJUoG7qIIg=,kyZJCo+4eZtt6ej8raoZfG7mgso=
44,18,PD3gMgqrK8U/RVh93UJUoG7qIIg=,zLylSyFThTW0yEUPxLyp5nH/81U=
37,21,PD3gMgqrK8U/RVh93UJUoG7qIIg=,kyZJCo+4eZtt6ej8raoZfG7mgso=
46,19,PD3gMgqrK8U/RVh93UJUoG7qIIg=,zLylSyFThTW0yEUPxLyp5nH/81U=
32,18,PD3gMgqrK8U/RVh93UJUoG7qIIg=,kyZJCo+4eZtt6ej8raoZfG7mgso=
42,21,PD3gMgqrK8U/RVh93UJUoG7qIIg=,zLylSyFThTW0yEUPxLyp5nH/81U=
47,27,PD3gMgqrK8U/RVh93UJUoG7qIIg=,zLylSyFThTW0yEUPxLyp5nH/81U=
45,17,PD3gMgqrK8U/RVh93UJUoG7qIIg=,zLylSyFThTW0yEUPxLyp5nH/81U=
35,22,PD3gMgqrK8U/RVh93UJUoG7qIIg=,kyZJCo+4eZtt6ej8raoZfG7mgso=
36,22,PD3gMgqrK8U/RVh93UJUoG7qIIg=,kyZJCo+4eZtt6ej8raoZfG7mgso=
44,22,PD3gMgqrK8U/RVh93UJUoG7qIIg=,zLylSyFThTW0yEUPxLyp5nH/81U=
36,16,PD3gMgqrK8U/RVh93UJUoG7qIIg=,kyZJCo+4eZtt6ej8raoZfG7mgso=
33,20,PD3gMgqrK8U/RVh93UJUoG7qIIg=,kyZJCo+4eZtt6ej8raoZfG7mgso=
40,16,PD3gMgqrK8U/RVh93UJUoG7qIIg=,zLylSyFThTW0yEUPxLyp5nH/81U=
41,24,PD3gMgqrK8U/RVh93UJUoG7qIIg=,zLylSyFThTW0yEUPxLyp5nH/81U=
34,16,PD3gMgqrK8U/RVh93UJUoG7qIIg=,kyZJCo+4eZtt6ej8raoZfG7mgso=
39,17,PD3gMgqrK8U/RVh93UJUoG7qIIg=,kyZJCo+4eZtt6ej8raoZfG7mgso=
43,21,PD3gMgqrK8U/RVh93UJUoG7qIIg=,zLylSyFThTW0yEUPxLyp5nH/81U=
34,19,PD3gMgqrK8U/RVh93UJUoG7qIIg=,kyZJCo+4eZtt6ej8raoZfG7mgso=
42,24,PD3gMgqrK8U/RVh93UJUoG7qIIg=,zLylSyFThTW0yEUPxLyp5nH/81U=
46,16,PD3gMgqrK8U/RVh93UJUoG7qIIg=,zLylSyFThTW0yEUPxLyp5nH/81U=
39,16,PD3gMgqrK8U/RVh93UJUoG7qIIg=,kyZJCo+4eZtt6ej8raoZfG7mgso=
47,19,PD3gMgqrK8U/RVh93UJUoG7qIIg=,zLylSyFThTW0yEUPxLyp5nH/81U=
40,24,PD3gMgqrK8U/RVh93UJUoG7qIIg=,zLylSyFThTW0yEUPxLyp5nH/81U=
35,20,PD3gMgqrK8U/RVh93UJUoG7qIIg=,kyZJCo+4eZtt6ej8raoZfG7mgso=
40,22,PD3gMgqrK8U/RVh93UJUoG7qIIg=,zLylSyFThTW0yEUPxLyp5nH/81U=
37,19,PD3gMgqrK8U/RVh93UJUoG7qIIg=,kyZJCo+4eZtt6ej8raoZfG7mgso=
45,18,PD3gMgqrK8U/RVh93UJUoG7qIIg=,zLylSyFThTW0yEUPxLyp5nH/81U=
47,26,PD3gMgqrK8U/RVh93UJUoG7qIIg=,zLylSyFThTW0yEUPxLyp5nH/81U=
32,17,PD3gMgqrK8U/RVh93UJUoG7qIIg=,kyZJCo+4eZtt6ej8raoZfG7mgso=
37,20,PD3gMgqrK8U/RVh93UJUoG7qIIg=,kyZJCo+4eZtt6ej8raoZfG7mgso=
32,29,PD3gMgqrK8U/RVh93UJUoG7qIIg=,zLylSyFThTW0yEUPxLyp5nH/81U=
33,18,PD3gMgqrK8U/RVh93UJUoG7qIIg=,kyZJCo+4eZtt6ej8raoZfG7mgso=
38,20,PD3gMgqrK8U/RVh93UJUoG7qIIg=,kyZJCo+4eZtt6ej8raoZfG7mgso=
44,16,PD3gMgqrK8U/RVh93UJUoG7qIIg=,zLylSyFThTW0yEUPxLyp5nH/81U=
38,16,PD3gMgqrK8U/RVh93UJUoG7qIIg=,kyZJCo+4eZtt6ej8raoZfG7mgso=
36,18,PD3gMgqrK8U/RVh93UJUoG7qIIg=,kyZJCo+4eZtt6ej8raoZfG7mgso=
35,16,PD3gMgqrK8U/RVh93UJUoG7qIIg=,kyZJCo+4eZtt6ej8raoZfG7mgso=
37,18,PD3gMgqrK8U/RVh93UJUoG7qIIg=,kyZJCo+4eZtt6ej8raoZfG7mgso=
43,24,PD3gMgqrK8U/RVh93UJUoG7qIIg=,zLylSyFThTW0yEUPxLyp5nH/81U=
33,17,PD3gMgqrK8U/RVh93UJUoG7qIIg=,kyZJCo+4eZtt6ej8raoZfG7mgso=
32,25,PD3gMgqrK8U/RVh93UJUoG7qIIg=,zLylSyFThTW0yEUPxLyp5nH/81U=
45,16,PD3gMgqrK8U/RVh93UJUoG7qIIg=,zLylSyFThTW0yEUPxLyp5nH/81U=
36,17,PD3gMgqrK8U/RVh93UJUoG7qIIg=,kyZJCo+4eZtt6ej8raoZfG7mgso=
41,16,PD3gMgqrK8U/RVh93UJUoG7qIIg=,zLylSyFThTW0yEUPxLyp5nH/81U=
34,17,PD3gMgqrK8U/RVh93UJUoG7qIIg=,kyZJCo+4eZtt6ej8raoZfG7mgso=
36,19,PD3gMgqrK8U/RVh93UJUoG7qIIg=,kyZJCo+4eZtt6ej8raoZfG7mgso=
32,19,PD3gMgqrK8U/RVh93UJUoG7qIIg=,kyZJCo+4eZtt6ej8raoZfG7mgso=
40,17,PD3gMgqrK8U/RVh93UJUoG7qIIg=,zLylSyFThTW0yEUPxLyp5nH/81U=
35,19,PD3gMgqrK8U/RVh93UJUoG7qIIg=,kyZJCo+4eZtt6ej8raoZfG7mgso=
34,18,PD3gMgqrK8U/RVh93UJUoG7qIIg=,kyZJCo+4eZtt6ej8raoZfG7mgso=
44,24,PD3gMgqrK8U/RVh93UJUoG7qIIg=,zLylSyFThTW0yEUPxLyp5nH/81U=
38,17,PD3gMgqrK8U/RVh93UJUoG7qIIg=,kyZJCo+4eZtt6ej8raoZfG7mgso=
33,16,PD3gMgqrK8U/RVh93UJUoG7qIIg=,kyZJCo+4eZtt6ej8raoZfG7mgso=
35,18,PD3gMgqrK8U/RVh93UJUoG7qIIg=,kyZJCo+4eZtt6ej8raoZfG7mgso=
43,17,PD3gMgqrK8U/RVh93UJUoG7qIIg=,zLylSyFThTW0yEUPxLyp5nH/81U=
41,17,PD3gMgqrK8U/RVh93UJUoG7qIIg=,zLylSyFThTW0yEUPxLyp5nH/81U=
44,27,PD3gMgqrK8U/RVh93UJUoG7qIIg=,zLylSyFThTW0yEUPxLyp5nH/81U=
34,20,PD3gMgqrK8U/RVh93UJUoG7qIIg=,kyZJCo+4eZtt6ej8raoZfG7mgso=
40,18,PD3gMgqrK8U/RVh93UJUoG7qIIg=,zLylSyFThTW0yEUPxLyp5nH/81U=
37,17,PD3gMgqrK8U/RVh93UJUoG7qIIg=,kyZJCo+4eZtt6ej8raoZfG7mgso=
41,18,PD3gMgqrK8U/RVh93UJUoG7qIIg=,zLylSyFThTW0yEUPxLyp5nH/81U=
42,18,PD3gMgqrK8U/RVh93UJUoG7qIIg=,zLylSyFThTW0yEUPxLyp5nH/81U=
38,19,PD3gMgqrK8U/RVh93UJUoG7qIIg=,kyZJCo+4eZtt6ej8raoZfG7mgso=
45,27,PD3gMgqrK8U/RVh93UJUoG7qIIg=,zLylSyFThTW0yEUPxLyp5nH/81U=
43,18,PD3gMgqrK8U/RVh93UJUoG7qIIg=,zLylSyFThTW0yEUPxLyp5nH/81U=
38,18,PD3gMgqrK8U/RVh93UJUoG7qIIg=,kyZJCo+4eZtt6ej8raoZfG7mgso=
35,17,PD3gMgqrK8U/RVh93UJUoG7qIIg=,kyZJCo+4eZtt6ej8raoZfG7mgso=
43,16,PD3gMgqrK8U/RVh93UJUoG7qIIg=,zLylSyFThTW0yEUPxLyp5nH/81U=
42,16,PD3gMgqrK8U/RVh93UJUoG7qIIg=,zLylSyFThTW0yEUPxLyp5nH/81U=
46,24,PD3gMgqrK8U/RVh93UJUoG7qIIg=,zLylSyFThTW0yEUPxLyp5nH/81U=
42,17,PD3gMgqrK8U/RVh93UJUoG7qIIg=,zLylSyFThTW0yEUPxLyp5nH/81U=
46,26,PD3gMgqrK8U/RVh93UJUoG7qIIg=,zLylSyFThTW0yEUPxLyp5nH/81U=
46,27,PD3gMgqrK8U/RVh93UJUoG7qIIg=,zLylSyFThTW0yEUPxLyp5nH/81U=
45,24,PD3gMgqrK8U/RVh93UJUoG7qIIg=,zLylSyFThTW0yEUPxLyp5nH/81U=
44,25,PD3gMgqrK8U/RVh93UJUoG7qIIg=,zLylSyFThTW0yEUPxLyp5nH/81U=
45,25,PD3gMgqrK8U/RVh93UJUoG7qIIg=,zLylSyFThTW0yEUPxLyp5nH/81U=
46,25,PD3gMgqrK8U/RVh93UJUoG7qIIg=,zLylSyFThTW0yEUPxLyp5nH/81U=
50,26,Q5uWvhiARVJsECQwYtdce6XBJw8=,zLylSyFThTW0yEUPxLyp5nH/81U=
48,28,Q5uWvhiARVJsECQwYtdce6XBJw8=,zLylSyFThTW0yEUPxLyp5nH/81U=
48,29,Q5uWvhiARVJsECQwYtdce6XBJw8=,zLylSyFThTW0yEUPxLyp5nH/81U=
48,30,Q5uWvhiARVJsECQwYtdce6XBJw8=,zLylSyFThTW0yEUPxLyp5nH/81U=
55,25,Q5uWvhiARVJsECQwYtdce6XBJw8=,zLylSyFThTW0yEUPxLyp5nH/81U=
54,25,Q5uWvhiARVJsECQwYtdce6XBJw8=,zLylSyFThTW0yEUPxLyp5nH/81U=
55,30,Q5uWvhiARVJsECQwYtdce6XBJw8=,zLylSyFThTW0yEUPxLyp5nH/81U=
52,25,Q5uWvhiARVJsECQwYtdce6XBJw8=,zLylSyFThTW0yEUPxLyp5nH/81U=
54,21,Q5uWvhiARVJsECQwYtdce6XBJw8=,zLylSyFThTW0yEUPxLyp5nH/81U=
55,21,Q5uWvhiARVJsECQwYtdce6XBJw8=,zLylSyFThTW0yEUPxLyp5nH/81U=
54,23,Q5uWvhiARVJsECQwYtdce6XBJw8=,zLylSyFThTW0yEUPxLyp5nH/81U=
54,30,Q5uWvhiARVJsECQwYtdce6XBJw8=,zLylSyFThTW0yEUPxLyp5nH/81U=
55,23,Q5uWvhiARVJsECQwYtdce6XBJw8=,zLylSyFThTW0yEUPxLyp5nH/81U=
50,19,Q5uWvhiARVJsECQwYtdce6XBJw8=,zLylSyFThTW0yEUPxLyp5nH/81U=
51,19,Q5uWvhiARVJsECQwYtdce6XBJw8=,zLylSyFThTW0yEUPxLyp5nH/81U=
52,20,Q5uWvhiARVJsECQwYtdce6XBJw8=,zLylSyFThTW0yEUPxLyp5nH/81U=
53,25,Q5uWvhiARVJsECQwYtdce6XBJw8=,zLylSyFThTW0yEUPxLyp5nH/81U=
49,16,Q5uWvhiARVJsECQwYtdce6XBJw8=,zLylSyFThTW0yEUPxLyp5nH/81U=
52,16,Q5uWvhiARVJsECQwYtdce6XBJw8=,zLylSyFThTW0yEUPxLyp5nH/81U=
53,16,Q5uWvhiARVJsECQwYtdce6XBJw8=,zLylSyFThTW0yEUPxLyp5nH/81U=
50,16,Q5uWvhiARVJsECQwYtdce6XBJw8=,zLylSyFThTW0yEUPxLyp5nH/81U=
52,19,Q5uWvhiARVJsECQwYtdce6XBJw8=,zLylSyFThTW0yEUPxLyp5nH/81U=
53,19,Q5uWvhiARVJsECQwYtdce6XBJw8=,zLylSyFThTW0yEUPxLyp5nH/81U=
53,20,Q5uWvhiARVJsECQwYtdce6XBJw8=,zLylSyFThTW0yEUPxLyp5nH/81U=
51,24,Q5uWvhiARVJsECQwYtdce6XBJw8=,zLylSyFThTW0yEUPxLyp5nH/81U=
54,16,Q5uWvhiARVJsECQwYtdce6XBJw8=,zLylSyFThTW0yEUPxLyp5nH/81U=
54,19,Q5uWvhiARVJsECQwYtdce6XBJw8=,zLylSyFThTW0yEUPxLyp5nH/81U=
52,24,Q5uWvhiARVJsECQwYtdce6XBJw8=,zLylSyFThTW0yEUPxLyp5nH/81U=
51,16,Q5uWvhiARVJsECQwYtdce6XBJw8=,zLylSyFThTW0yEUPxLyp5nH/81U=
55,19,Q5uWvhiARVJsECQwYtdce6XBJw8=,zLylSyFThTW0yEUPxLyp5nH/81U=
53,24,Q5uWvhiARVJsECQwYtdce6XBJw8=,zLylSyFThTW0yEUPxLyp5nH/81U=
54,20,Q5uWvhiARVJsECQwYtdce6XBJw8=,zLylSyFThTW0yEUPxLyp5nH/81U=
54,24,Q5uWvhiARVJsECQwYtdce6XBJw8=,zLylSyFThTW0yEUPxLyp5nH/81U=
55,24,Q5uWvhiARVJsECQwYtdce6XBJw8=,zLylSyFThTW0yEUPxLyp5nH/81U=
49,17,Q5uWvhiARVJsECQwYtdce6XBJw8=,zLylSyFThTW0yEUPxLyp5nH/81U=
55,20,Q5uWvhiARVJsECQwYtdce6XBJw8=,zLylSyFThTW0yEUPxLyp5nH/81U=
54,22,Q5uWvhiARVJsECQwYtdce6XBJw8=,zLylSyFThTW0yEUPxLyp5nH/81U=
55,22,Q5uWvhiARVJsECQwYtdce6XBJw8=,zLylSyFThTW0yEUPxLyp5nH/81U=
52,17,Q5uWvhiARVJsECQwYtdce6XBJw8=,zLylSyFThTW0yEUPxLyp5nH/81U=
49,18,Q5uWvhiARVJsECQwYtdce6XBJw8=,zLylSyFThTW0yEUPxLyp5nH/81U=
50,21,Q5uWvhiARVJsECQwYtdce6XBJw8=,zLylSyFThTW0yEUPxLyp5nH/81U=
54,17,Q5uWvhiARVJsECQwYtdce6XBJw8=,zLylSyFThTW0yEUPxLyp5nH/81U=
51,21,Q5uWvhiARVJsECQwYtdce6XBJw8=,zLylSyFThTW0yEUPxLyp5nH/81U=
50,17,Q5uWvhiARVJsECQwYtdce6XBJw8=,zLylSyFThTW0yEUPxLyp5nH/81U=
50,20,Q5uWvhiARVJsECQwYtdce6XBJw8=,zLylSyFThTW0yEUPxLyp5nH/81U=
51,17,Q5uWvhiARVJsECQwYtdce6XBJw8=,zLylSyFThTW0yEUPxLyp5nH/81U=
50,22,Q5uWvhiARVJsECQwYtdce6XBJw8=,zLylSyFThTW0yEUPxLyp5nH/81U=
52,21,Q5uWvhiARVJsECQwYtdce6XBJw8=,zLylSyFThTW0yEUPxLyp5nH/81U=
53,17,Q5uWvhiARVJsECQwYtdce6XBJw8=,zLylSyFThTW0yEUPxLyp5nH/81U=
50,18,Q5uWvhiARVJsECQwYtdce6XBJw8=,zLylSyFThTW0yEUPxLyp5nH/81U=
51,18,Q5uWvhiARVJsECQwYtdce6XBJw8=,zLylSyFThTW0yEUPxLyp5nH/81U=
52,18,Q5uWvhiARVJsECQwYtdce6XBJw8=,zLylSyFThTW0yEUPxLyp5nH/81U=
53,18,Q5uWvhiARVJsECQwYtdce6XBJw8=,zLylSyFThTW0yEUPxLyp5nH/81U=
54,18,Q5uWvhiARVJsECQwYtdce6XBJw8=,zLylSyFThTW0yEUPxLyp5nH/81U=
55,18,Q5uWvhiARVJsECQwYtdce6XBJw8=,zLylSyFThTW0yEUPxLyp5nH/81U=
51,23,Q5uWvhiARVJsECQwYtdce6XBJw8=,zLylSyFThTW0yEUPxLyp5nH/81U=
53,21,Q5uWvhiARVJsECQwYtdce6XBJw8=,zLylSyFThTW0yEUPxLyp5nH/81U=
55,17,Q5uWvhiARVJsECQwYtdce6XBJw8=,zLylSyFThTW0yEUPxLyp5nH/81U=
51,20,Q5uWvhiARVJsECQwYtdce6XBJw8=,zLylSyFThTW0yEUPxLyp5nH/81U=
51,22,Q5uWvhiARVJsECQwYtdce6XBJw8=,zLylSyFThTW0yEUPxLyp5nH/81U=
52,23,Q5uWvhiARVJsECQwYtdce6XBJw8=,zLylSyFThTW0yEUPxLyp5nH/81U=
52,22,Q5uWvhiARVJsECQwYtdce6XBJw8=,zLylSyFThTW0yEUPxLyp5nH/81U=
53,22,Q5uWvhiARVJsECQwYtdce6XBJw8=,zLylSyFThTW0yEUPxLyp5nH/81U=
49,19,Q5uWvhiARVJsECQwYtdce6XBJw8=,zLylSyFThTW0yEUPxLyp5nH/81U=
53,23,Q5uWvhiARVJsECQwYtdce6XBJw8=,zLylSyFThTW0yEUPxLyp5nH/81U=
55,16,Q5uWvhiARVJsECQwYtdce6XBJw8=,zLylSyFThTW0yEUPxLyp5nH/81U=
49,31,Q5uWvhiARVJsECQwYtdce6XBJw8=,zLylSyFThTW0yEUPxLyp5nH/81U=
50,31,Q5uWvhiARVJsECQwYtdce6XBJw8=,zLylSyFThTW0yEUPxLyp5nH/81U=
51,31,Q5uWvhiARVJsECQwYtdce6XBJw8=,zLylSyFThTW0yEUPxLyp5nH/81U=
52,31,Q5uWvhiARVJsECQwYtdce6XBJw8=,zLylSyFThTW0yEUPxLyp5nH/81U=
53,31,Q5uWvhiARVJsECQwYtdce6XBJw8=,zLylSyFThTW0yEUPxLyp5nH/81U=
54,31,Q5uWvhiARVJsECQwYtdce6XBJw8=,zLylSyFThTW0yEUPxLyp5nH/81U=
53,30,Q5uWvhiARVJsECQwYtdce6XBJw8=,zLylSyFThTW0yEUPxLyp5nH/81U=
52,30,Q5uWvhiARVJsECQwYtdce6XBJw8=,zLylSyFThTW0yEUPxLyp5nH/81U=
51,30,Q5uWvhiARVJsECQwYtdce6XBJw8=,zLylSyFThTW0yEUPxLyp5nH/81U=
50,30,Q5uWvhiARVJsECQwYtdce6XBJw8=,zLylSyFThTW0yEUPxLyp5nH/81U=
49,30,Q5uWvhiARVJsECQwYtdce6XBJw8=,zLylSyFThTW0yEUPxLyp5nH/81U=
51,25,Q5uWvhiARVJsECQwYtdce6XBJw8=,zLylSyFThTW0yEUPxLyp5nH/81U=
55,29,Q5uWvhiARVJsECQwYtdce6XBJw8=,zLylSyFThTW0yEUPxLyp5nH/81U=
55,31,Q5uWvhiARVJsECQwYtdce6XBJw8=,zLylSyFThTW0yEUPxLyp5nH/81U=
54,29,Q5uWvhiARVJsECQwYtdce6XBJw8=,zLylSyFThTW0yEUPxLyp5nH/81U=
48,31,Q5uWvhiARVJsECQwYtdce6XBJw8=,zLylSyFThTW0yEUPxLyp5nH/81U=
52,29,Q5uWvhiARVJsECQwYtdce6XBJw8=,zLylSyFThTW0yEUPxLyp5nH/81U=
53,29,Q5uWvhiARVJsECQwYtdce6XBJw8=,zLylSyFThTW0yEUPxLyp5nH/81U=
50,29,Q5uWvhiARVJsECQwYtdce6XBJw8=,zLylSyFThTW0yEUPxLyp5nH/81U=
51,29,Q5uWvhiARVJsECQwYtdce6XBJw8=,zLylSyFThTW0yEUPxLyp5nH/81U=
55,28,Q5uWvhiARVJsECQwYtdce6XBJw8=,zLylSyFThTW0yEUPxLyp5nH/81U=
49,29,Q5uWvhiARVJsECQwYtdce6XBJw8=,zLylSyFThTW0yEUPxLyp5nH/81U=
54,28,Q5uWvhiARVJsECQwYtdce6XBJw8=,zLylSyFThTW0yEUPxLyp5nH/81U=
53,28,Q5uWvhiARVJsECQwYtdce6XBJw8=,zLylSyFThTW0yEUPxLyp5nH/81U=
52,28,Q5uWvhiARVJsECQwYtdce6XBJw8=,zLylSyFThTW0yEUPxLyp5nH/81U=
51,28,Q5uWvhiARVJsECQwYtdce6XBJw8=,zLylSyFThTW0yEUPxLyp5nH/81U=
50,28,Q5uWvhiARVJsECQwYtdce6XBJw8=,zLylSyFThTW0yEUPxLyp5nH/81U=
49,28,Q5uWvhiARVJsECQwYtdce6XBJw8=,zLylSyFThTW0yEUPxLyp5nH/81U=
55,27,Q5uWvhiARVJsECQwYtdce6XBJw8=,zLylSyFThTW0yEUPxLyp5nH/81U=
53,27,Q5uWvhiARVJsECQwYtdce6XBJw8=,zLylSyFThTW0yEUPxLyp5nH/81U=
52,27,Q5uWvhiARVJsECQwYtdce6XBJw8=,zLylSyFThTW0yEUPxLyp5nH/81U=
51,27,Q5uWvhiARVJsECQwYtdce6XBJw8=,zLylSyFThTW0yEUPxLyp5nH/81U=
50,27,Q5uWvhiARVJsECQwYtdce6XBJw8=,zLylSyFThTW0yEUPxLyp5nH/81U=
49,27,Q5uWvhiARVJsECQwYtdce6XBJw8=,zLylSyFThTW0yEUPxLyp5nH/81U=
54,26,Q5uWvhiARVJsECQwYtdce6XBJw8=,zLylSyFThTW0yEUPxLyp5nH/81U=
55,26,Q5uWvhiARVJsECQwYtdce6XBJw8=,zLylSyFThTW0yEUPxLyp5nH/81U=
53,26,Q5uWvhiARVJsECQwYtdce6XBJw8=,zLylSyFThTW0yEUPxLyp5nH/81U=
54,27,Q5uWvhiARVJsECQwYtdce6XBJw8=,zLylSyFThTW0yEUPxLyp5nH/81U=
51,26,Q5uWvhiARVJsECQwYtdce6XBJw8=,zLylSyFThTW0yEUPxLyp5nH/81U=
48,16,Q5uWvhiARVJsECQwYtdce6XBJw8=,zLylSyFThTW0yEUPxLyp5nH/81U=
52,26,Q5uWvhiARVJsECQwYtdce6XBJw8=,zLylSyFThTW0yEUPxLyp5nH/81U=
49,20,Q5uWvhiARVJsECQwYtdce6XBJw8=,zLylSyFThTW0yEUPxLyp5nH/81U=
50,23,Q5uWvhiARVJsECQwYtdce6XBJw8=,zLylSyFThTW0yEUPxLyp5nH/81U=
50,24,Q5uWvhiARVJsECQwYtdce6XBJw8=,zLylSyFThTW0yEUPxLyp5nH/81U=
48,18,Q5uWvhiARVJsECQwYtdce6XBJw8=,zLylSyFThTW0yEUPxLyp5nH/81U=
50,25,Q5uWvhiARVJsECQwYtdce6XBJw8=,zLylSyFThTW0yEUPxLyp5nH/81U=
48,17,Q5uWvhiARVJsECQwYtdce6XBJw8=,zLylSyFThTW0yEUPxLyp5nH/81U=
49,26,Q5uWvhiARVJsECQwYtdce6XBJw8=,zLylSyFThTW0yEUPxLyp5nH/81U=
49,23,Q5uWvhiARVJsECQwYtdce6XBJw8=,zLylSyFThTW0yEUPxLyp5nH/81U=
49,22,Q5uWvhiARVJsECQwYtdce6XBJw8=,zLylSyFThTW0yEUPxLyp5nH/81U=
49,21,Q5uWvhiARVJsECQwYtdce6XBJw8=,zLylSyFThTW0yEUPxLyp5nH/81U=
48,27,Q5uWvhiARVJsECQwYtdce6XBJw8=,zLylSyFThTW0yEUPxLyp5nH/81U=
48,19,Q5uWvhiARVJsECQwYtdce6XBJw8=,zLylSyFThTW0yEUPxLyp5nH/81U=
48,21,Q5uWvhiARVJsECQwYtdce6XBJw8=,zLylSyFThTW0yEUPxLyp5nH/81U=
48,20,Q5uWvhiARVJsECQwYtdce6XBJw8=,zLylSyFThTW0yEUPxLyp5nH/81U=
48,23,Q5uWvhiARVJsECQwYtdce6XBJw8=,zLylSyFThTW0yEUPxLyp5nH/81U=
48,22,Q5uWvhiARVJsECQwYtdce6XBJw8=,zLylSyFThTW0yEUPxLyp5nH/81U=
48,24,Q5uWvhiARVJsECQwYtdce6XBJw8=,zLylSyFThTW0yEUPxLyp5nH/81U=
49,25,Q5uWvhiARVJsECQwYtdce6XBJw8=,zLylSyFThTW0yEUPxLyp5nH/81U=
48,26,Q5uWvhiARVJsECQwYtdce6XBJw8=,zLylSyFThTW0yEUPxLyp5nH/81U=
48,25,Q5uWvhiARVJsECQwYtdce6XBJw8=,zLylSyFThTW0yEUPxLyp5nH/81U=
49,24,Q5uWvhiARVJsECQwYtdce6XBJw8=,zLylSyFThTW0yEUPxLyp5nH/81U=
57,9,Q5uWvhiARVJsECQwYtdce6XBJw8=,pGF1xnvaZXH0xFzeKKX4wzIJURY=
58,9,Q5uWvhiARVJsECQwYtdce6XBJw8=,pGF1xnvaZXH0xFzeKKX4wzIJURY=
59,9,Q5uWvhiARVJsECQwYtdce6XBJw8=,pGF1xnvaZXH0xFzeKKX4wzIJURY=
62,14,Q5uWvhiARVJsECQwYtdce6XBJw8=,pGF1xnvaZXH0xFzeKKX4wzIJURY=
61,14,Q5uWvhiARVJsECQwYtdce6XBJw8=,pGF1xnvaZXH0xFzeKKX4wzIJURY=
58,14,Q5uWvhiARVJsECQwYtdce6XBJw8=,pGF1xnvaZXH0xFzeKKX4wzIJURY=
57,14,Q5uWvhiARVJsECQwYtdce6XBJw8=,pGF1xnvaZXH0xFzeKKX4wzIJURY=
59,14,Q5uWvhiARVJsECQwYtdce6XBJw8=,pGF1xnvaZXH0xFzeKKX4wzIJURY=
60,14,Q5uWvhiARVJsECQwYtdce6XBJw8=,pGF1xnvaZXH0xFzeKKX4wzIJURY=
62,13,Q5uWvhiARVJsECQwYtdce6XBJw8=,pGF1xnvaZXH0xFzeKKX4wzIJURY=
61,13,Q5uWvhiARVJsECQwYtdce6XBJw8=,pGF1xnvaZXH0xFzeKKX4wzIJURY=
60,13,Q5uWvhiARVJsECQwYtdce6XBJw8=,pGF1xnvaZXH0xFzeKKX4wzIJURY=
59,13,Q5uWvhiARVJsECQwYtdce6XBJw8=,pGF1xnvaZXH0xFzeKKX4wzIJURY=
58,13,Q5uWvhiARVJsECQwYtdce6XBJw8=,pGF1xnvaZXH0xFzeKKX4wzIJURY=
62,12,Q5uWvhiARVJsECQwYtdce6XBJw8=,pGF1xnvaZXH0xFzeKKX4wzIJURY=
57,13,Q5uWvhiARVJsECQwYtdce6XBJw8=,pGF1xnvaZXH0xFzeKKX4wzIJURY=
61,12,Q5uWvhiARVJsECQwYtdce6XBJw8=,pGF1xnvaZXH0xFzeKKX4wzIJURY=
60,12,Q5uWvhiARVJsECQwYtdce6XBJw8=,pGF1xnvaZXH0xFzeKKX4wzIJURY=
59,12,Q5uWvhiARVJsECQwYtdce6XBJw8=,pGF1xnvaZXH0xFzeKKX4wzIJURY=
58,12,Q5uWvhiARVJsECQwYtdce6XBJw8=,pGF1xnvaZXH0xFzeKKX4wzIJURY=
57,12,Q5uWvhiARVJsECQwYtdce6XBJw8=,pGF1xnvaZXH0xFzeKKX4wzIJURY=
62,11,Q5uWvhiARVJsECQwYtdce6XBJw8=,pGF1xnvaZXH0xFzeKKX4wzIJURY=
61,11,Q5uWvhiARVJsECQwYtdce6XBJw8=,pGF1xnvaZXH0xFzeKKX4wzIJURY=
60,11,Q5uWvhiARVJsECQwYtdce6XBJw8=,pGF1xnvaZXH0xFzeKKX4wzIJURY=
59,11,Q5uWvhiARVJsECQwYtdce6XBJw8=,pGF1xnvaZXH0xFzeKKX4wzIJURY=
58,11,Q5uWvhiARVJsECQwYtdce6XBJw8=,pGF1xnvaZXH0xFzeKKX4wzIJURY=
57,11,Q5uWvhiARVJsECQwYtdce6XBJw8=,pGF1xnvaZXH0xFzeKKX4wzIJURY=
62,10,Q5uWvhiARVJsECQwYtdce6XBJw8=,pGF1xnvaZXH0xFzeKKX4wzIJURY=
61,10,Q5uWvhiARVJsECQwYtdce6XBJw8=,pGF1xnvaZXH0xFzeKKX4wzIJURY=
60,10,Q5uWvhiARVJsECQwYtdce6XBJw8=,pGF1xnvaZXH0xFzeKKX4wzIJURY=
58,10,Q5uWvhiARVJsECQwYtdce6XBJw8=,pGF1xnvaZXH0xFzeKKX4wzIJURY=
57,10,Q5uWvhiARVJsECQwYtdce6XBJw8=,pGF1xnvaZXH0xFzeKKX4wzIJURY=
62,9,Q5uWvhiARVJsECQwYtdce6XBJw8=,pGF1xnvaZXH0xFzeKKX4wzIJURY=
61,9,Q5uWvhiARVJsECQwYtdce6XBJw8=,pGF1xnvaZXH0xFzeKKX4wzIJURY=
59,10,Q5uWvhiARVJsECQwYtdce6XBJw8=,pGF1xnvaZXH0xFzeKKX4wzIJURY=
60,9,Q5uWvhiARVJsECQwYtdce6XBJw8=,pGF1xnvaZXH0xFzeKKX4wzIJURY=
50,14,Q5uWvhiARVJsECQwYtdce6XBJw8=,zLylSyFThTW0yEUPxLyp5nH/81U=
49,14,Q5uWvhiARVJsECQwYtdce6XBJw8=,zLylSyFThTW0yEUPxLyp5nH/81U=
51,14,Q5uWvhiARVJsECQwYtdce6XBJw8=,zLylSyFThTW0yEUPxLyp5nH/81U=
52,14,Q5uWvhiARVJsECQwYtdce6XBJw8=,zLylSyFThTW0yEUPxLyp5nH/81U=
53,14,Q5uWvhiARVJsECQwYtdce6XBJw8=,zLylSyFThTW0yEUPxLyp5nH/81U=
54,14,Q5uWvhiARVJsECQwYtdce6XBJw8=,zLylSyFThTW0yEUPxLyp5nH/81U=
55,14,Q5uWvhiARVJsECQwYtdce6XBJw8=,zLylSyFThTW0yEUPxLyp5nH/81U=
49,9,Q5uWvhiARVJsECQwYtdce6XBJw8=,zLylSyFThTW0yEUPxLyp5nH/81U=
51,9,Q5uWvhiARVJsECQwYtdce6XBJw8=,zLylSyFThTW0yEUPxLyp5nH/81U=
50,9,Q5uWvhiARVJsECQwYtdce6XBJw8=,zLylSyFThTW0yEUPxLyp5nH/81U=
52,9,Q5uWvhiARVJsECQwYtdce6XBJw8=,zLylSyFThTW0yEUPxLyp5nH/81U=
54,9,Q5uWvhiARVJsECQwYtdce6XBJw8=,zLylSyFThTW0yEUPxLyp5nH/81U=
53,9,Q5uWvhiARVJsECQwYtdce6XBJw8=,zLylSyFThTW0yEUPxLyp5nH/81U=
55,9,TR/I5n1Qma6nrnseach5JqVchBY=,zLylSyFThTW0yEUPxLyp5nH/81U=
55,13,TR/I5n1Qma6nrnseach5JqVchBY=,zLylSyFThTW0yEUPxLyp5nH/81U=
54,13,TR/I5n1Qma6nrnseach5JqVchBY=,zLylSyFThTW0yEUPxLyp5nH/81U=
56,9,TR/I5n1Qma6nrnseach5JqVchBY=,pGF1xnvaZXH0xFzeKKX4wzIJURY=
49,10,TR/I5n1Qma6nrnseach5JqVchBY=,zLylSyFThTW0yEUPxLyp5nH/81U=
50,10,TR/I5n1Qma6nrnseach5JqVchBY=,zLylSyFThTW0yEUPxLyp5nH/81U=
56,10,TR/I5n1Qma6nrnseach5JqVchBY=,pGF1xnvaZXH0xFzeKKX4wzIJURY=
53,13,TR/I5n1Qma6nrnseach5JqVchBY=,zLylSyFThTW0yEUPxLyp5nH/81U=
51,10,TR/I5n1Qma6nrnseach5JqVchBY=,zLylSyFThTW0yEUPxLyp5nH/81U=
52,10,TR/I5n1Qma6nrnseach5JqVchBY=,zLylSyFThTW0yEUPxLyp5nH/81U=
53,10,TR/I5n1Qma6nrnseach5JqVchBY=,zLylSyFThTW0yEUPxLyp5nH/81U=
54,10,TR/I5n1Qma6nrnseach5JqVchBY=,zLylSyFThTW0yEUPxLyp5nH/81U=
55,10,TR/I5n1Qma6nrnseach5JqVchBY=,zLylSyFThTW0yEUPxLyp5nH/81U=
52,13,TR/I5n1Qma6nrnseach5JqVchBY=,zLylSyFThTW0yEUPxLyp5nH/81U=
56,11,TR/I5n1Qma6nrnseach5JqVchBY=,pGF1xnvaZXH0xFzeKKX4wzIJURY=
51,13,TR/I5n1Qma6nrnseach5JqVchBY=,zLylSyFThTW0yEUPxLyp5nH/81U=
50,13,TR/I5n1Qma6nrnseach5JqVchBY=,zLylSyFThTW0yEUPxLyp5nH/81U=
49,11,TR/I5n1Qma6nrnseach5JqVchBY=,zLylSyFThTW0yEUPxLyp5nH/81U=
50,11,TR/I5n1Qma6nrnseach5JqVchBY=,zLylSyFThTW0yEUPxLyp5nH/81U=
49,13,TR/I5n1Qma6nrnseach5JqVchBY=,zLylSyFThTW0yEUPxLyp5nH/81U=
56,12,TR/I5n1Qma6nrnseach5JqVchBY=,pGF1xnvaZXH0xFzeKKX4wzIJURY=
56,14,TR/I5n1Qma6nrnseach5JqVchBY=,pGF1xnvaZXH0xFzeKKX4wzIJURY=
51,11,TR/I5n1Qma6nrnseach5JqVchBY=,zLylSyFThTW0yEUPxLyp5nH/81U=
55,12,TR/I5n1Qma6nrnseach5JqVchBY=,zLylSyFThTW0yEUPxLyp5nH/81U=
52,11,TR/I5n1Qma6nrnseach5JqVchBY=,zLylSyFThTW0yEUPxLyp5nH/81U=
54,11,TR/I5n1Qma6nrnseach5JqVchBY=,zLylSyFThTW0yEUPxLyp5nH/81U=
53,11,TR/I5n1Qma6nrnseach5JqVchBY=,zLylSyFThTW0yEUPxLyp5nH/81U=
54,12,TR/I5n1Qma6nrnseach5JqVchBY=,zLylSyFThTW0yEUPxLyp5nH/81U=
55,11,TR/I5n1Qma6nrnseach5JqVchBY=,zLylSyFThTW0yEUPxLyp5nH/81U=
53,12,TR/I5n1Qma6nrnseach5JqVchBY=,zLylSyFThTW0yEUPxLyp5nH/81U=
56,13,TR/I5n1Qma6nrnseach5JqVchBY=,pGF1xnvaZXH0xFzeKKX4wzIJURY=
49,12,TR/I5n1Qma6nrnseach5JqVchBY=,zLylSyFThTW0yEUPxLyp5nH/81U=
52,12,TR/I5n1Qma6nrnseach5JqVchBY=,zLylSyFThTW0yEUPxLyp5nH/81U=
51,12,TR/I5n1Qma6nrnseach5JqVchBY=,zLylSyFThTW0yEUPxLyp5nH/81U=
60,7,TR/I5n1Qma6nrnseach5JqVchBY=,pGF1xnvaZXH0xFzeKKX4wzIJURY=
61,7,TR/I5n1Qma6nrnseach5JqVchBY=,pGF1xnvaZXH0xFzeKKX4wzIJURY=
57,8,TR/I5n1Qma6nrnseach5JqVchBY=,pGF1xnvaZXH0xFzeKKX4wzIJURY=
62,7,TR/I5n1Qma6nrnseach5JqVchBY=,pGF1xnvaZXH0xFzeKKX4wzIJURY=
58,8,TR/I5n1Qma6nrnseach5JqVchBY=,pGF1xnvaZXH0xFzeKKX4wzIJURY=
59,8,TR/I5n1Qma6nrnseach5JqVchBY=,pGF1xnvaZXH0xFzeKKX4wzIJURY=
50,12,TR/I5n1Qma6nrnseach5JqVchBY=,zLylSyFThTW0yEUPxLyp5nH/81U=
60,8,TR/I5n1Qma6nrnseach5JqVchBY=,pGF1xnvaZXH0xFzeKKX4wzIJURY=
61,8,TR/I5n1Qma6nrnseach5JqVchBY=,pGF1xnvaZXH0xFzeKKX4wzIJURY=
62,8,TR/I5n1Qma6nrnseach5JqVchBY=,pGF1xnvaZXH0xFzeKKX4wzIJURY=
60,4,TR/I5n1Qma6nrnseach5JqVchBY=,pGF1xnvaZXH0xFzeKKX4wzIJURY=
61,4,TR/I5n1Qma6nrnseach5JqVchBY=,pGF1xnvaZXH0xFzeKKX4wzIJURY=
62,4,TR/I5n1Qma6nrnseach5JqVchBY=,pGF1xnvaZXH0xFzeKKX4wzIJURY=
63,4,TR/I5n1Qma6nrnseach5JqVchBY=,pGF1xnvaZXH0xFzeKKX4wzIJURY=
60,5,TR/I5n1Qma6nrnseach5JqVchBY=,pGF1xnvaZXH0xFzeKKX4wzIJURY=
59,5,TR/I5n1Qma6nrnseach5JqVchBY=,pGF1xnvaZXH0xFzeKKX4wzIJURY=
61,5,TR/I5n1Qma6nrnseach5JqVchBY=,pGF1xnvaZXH0xFzeKKX4wzIJURY=
62,5,TR/I5n1Qma6nrnseach5JqVchBY=,pGF1xnvaZXH0xFzeKKX4wzIJURY=
63,5,TR/I5n1Qma6nrnseach5JqVchBY=,pGF1xnvaZXH0xFzeKKX4wzIJURY=
57,6,TR/I5n1Qma6nrnseach5JqVchBY=,pGF1xnvaZXH0xFzeKKX4wzIJURY=
58,6,TR/I5n1Qma6nrnseach5JqVchBY=,pGF1xnvaZXH0xFzeKKX4wzIJURY=
59,6,TR/I5n1Qma6nrnseach5JqVchBY=,pGF1xnvaZXH0xFzeKKX4wzIJURY=
60,6,TR/I5n1Qma6nrnseach5JqVchBY=,pGF1xnvaZXH0xFzeKKX4wzIJURY=
61,6,TR/I5n1Qma6nrnseach5JqVchBY=,pGF1xnvaZXH0xFzeKKX4wzIJURY=
62,6,TR/I5n1Qma6nrnseach5JqVchBY=,pGF1xnvaZXH0xFzeKKX4wzIJURY=
63,6,TR/I5n1Qma6nrnseach5JqVchBY=,pGF1xnvaZXH0xFzeKKX4wzIJURY=
57,7,TR/I5n1Qma6nrnseach5JqVchBY=,pGF1xnvaZXH0xFzeKKX4wzIJURY=
58,7,TR/I5n1Qma6nrnseach5JqVchBY=,pGF1xnvaZXH0xFzeKKX4wzIJURY=
59,7,TR/I5n1Qma6nrnseach5JqVchBY=,pGF1xnvaZXH0xFzeKKX4wzIJURY=
61,3,TR/I5n1Qma6nrnseach5JqVchBY=,pGF1xnvaZXH0xFzeKKX4wzIJURY=
60,3,TR/I5n1Qma6nrnseach5JqVchBY=,pGF1xnvaZXH0xFzeKKX4wzIJURY=
62,3,TR/I5n1Qma6nrnseach5JqVchBY=,pGF1xnvaZXH0xFzeKKX4wzIJURY=
63,7,TR/I5n1Qma6nrnseach5JqVchBY=,pGF1xnvaZXH0xFzeKKX4wzIJURY=
63,9,TR/I5n1Qma6nrnseach5JqVchBY=,pGF1xnvaZXH0xFzeKKX4wzIJURY=
63,11,TR/I5n1Qma6nrnseach5JqVchBY=,pGF1xnvaZXH0xFzeKKX4wzIJURY=
63,10,TR/I5n1Qma6nrnseach5JqVchBY=,pGF1xnvaZXH0xFzeKKX4wzIJURY=
63,8,TR/I5n1Qma6nrnseach5JqVchBY=,pGF1xnvaZXH0xFzeKKX4wzIJURY=
63,12,TR/I5n1Qma6nrnseach5JqVchBY=,pGF1xnvaZXH0xFzeKKX4wzIJURY=
63,13,TR/I5n1Qma6nrnseach5JqVchBY=,pGF1xnvaZXH0xFzeKKX4wzIJURY=
63,14,TR/I5n1Qma6nrnseach5JqVchBY=,pGF1xnvaZXH0xFzeKKX4wzIJURY=
50,15,TR/I5n1Qma6nrnseach5JqVchBY=,zLylSyFThTW0yEUPxLyp5nH/81U=
49,15,TR/I5n1Qma6nrnseach5JqVchBY=,zLylSyFThTW0yEUPxLyp5nH/81U=
51,15,TR/I5n1Qma6nrnseach5JqVchBY=,zLylSyFThTW0yEUPxLyp5nH/81U=
52,15,TR/I5n1Qma6nrnseach5JqVchBY=,zLylSyFThTW0yEUPxLyp5nH/81U=
53,15,TR/I5n1Qma6nrnseach5JqVchBY=,zLylSyFThTW0yEUPxLyp5nH/81U=
54,15,TR/I5n1Qma6nrnseach5JqVchBY=,zLylSyFThTW0yEUPxLyp5nH/81U=
56,15,TR/I5n1Qma6nrnseach5JqVchBY=,pGF1xnvaZXH0xFzeKKX4wzIJURY=
58,15,TR/I5n1Qma6nrnseach5JqVchBY=,pGF1xnvaZXH0xFzeKKX4wzIJURY=
57,15,TR/I5n1Qma6nrnseach5JqVchBY=,pGF1xnvaZXH0xFzeKKX4wzIJURY=
60,15,TR/I5n1Qma6nrnseach5JqVchBY=,pGF1xnvaZXH0xFzeKKX4wzIJURY=
59,15,TR/I5n1Qma6nrnseach5JqVchBY=,pGF1xnvaZXH0xFzeKKX4wzIJURY=
61,15,TR/I5n1Qma6nrnseach5JqVchBY=,pGF1xnvaZXH0xFzeKKX4wzIJURY=
55,15,TR/I5n1Qma6nrnseach5JqVchBY=,zLylSyFThTW0yEUPxLyp5nH/81U=
62,15,TR/I5n1Qma6nrnseach5JqVchBY=,pGF1xnvaZXH0xFzeKKX4wzIJURY=
51,8,TR/I5n1Qma6nrnseach5JqVchBY=,zLylSyFThTW0yEUPxLyp5nH/81U=
52,8,TR/I5n1Qma6nrnseach5JqVchBY=,zLylSyFThTW0yEUPxLyp5nH/81U=
53,8,TR/I5n1Qma6nrnseach5JqVchBY=,zLylSyFThTW0yEUPxLyp5nH/81U=
54,8,TR/I5n1Qma6nrnseach5JqVchBY=,zLylSyFThTW0yEUPxLyp5nH/81U=
55,8,TR/I5n1Qma6nrnseach5JqVchBY=,zLylSyFThTW0yEUPxLyp5nH/81U=
56,7,TR/I5n1Qma6nrnseach5JqVchBY=,pGF1xnvaZXH0xFzeKKX4wzIJURY=
56,6,TR/I5n1Qma6nrnseach5JqVchBY=,pGF1xnvaZXH0xFzeKKX4wzIJURY=
48,14,TR/I5n1Qma6nrnseach5JqVchBY=,zLylSyFThTW0yEUPxLyp5nH/81U=
48,9,TR/I5n1Qma6nrnseach5JqVchBY=,zLylSyFThTW0yEUPxLyp5nH/81U=
48,10,TR/I5n1Qma6nrnseach5JqVchBY=,zLylSyFThTW0yEUPxLyp5nH/81U=
48,13,TR/I5n1Qma6nrnseach5JqVchBY=,zLylSyFThTW0yEUPxLyp5nH/81U=
48,12,TR/I5n1Qma6nrnseach5JqVchBY=,zLylSyFThTW0yEUPxLyp5nH/81U=
56,5,TR/I5n1Qma6nrnseach5JqVchBY=,pGF1xnvaZXH0xFzeKKX4wzIJURY=
48,11,TR/I5n1Qma6nrnseach5JqVchBY=,zLylSyFThTW0yEUPxLyp5nH/81U=
48,8,TR/I5n1Qma6nrnseach5JqVchBY=,zLylSyFThTW0yEUPxLyp5nH/81U=
55,4,TR/I5n1Qma6nrnseach5JqVchBY=,tdBxQYb9DG7r9MBTxp9lPBgRiS8=
54,4,TR/I5n1Qma6nrnseach5JqVchBY=,tdBxQYb9DG7r9MBTxp9lPBgRiS8=
55,6,TR/I5n1Qma6nrnseach5JqVchBY=,tdBxQYb9DG7r9MBTxp9lPBgRiS8=
50,8,TR/I5n1Qma6nrnseach5JqVchBY=,zLylSyFThTW0yEUPxLyp5nH/81U=
48,15,TR/I5n1Qma6nrnseach5JqVchBY=,zLylSyFThTW0yEUPxLyp5nH/81U=
49,8,TR/I5n1Qma6nrnseach5JqVchBY=,zLylSyFThTW0yEUPxLyp5nH/81U=
52,6,TR/I5n1Qma6nrnseach5JqVchBY=,tdBxQYb9DG7r9MBTxp9lPBgRiS8=
55,7,TR/I5n1Qma6nrnseach5JqVchBY=,tdBxQYb9DG7r9MBTxp9lPBgRiS8=
48,7,TR/I5n1Qma6nrnseach5JqVchBY=,tdBxQYb9DG7r9MBTxp9lPBgRiS8=
52,4,TR/I5n1Qma6nrnseach5JqVchBY=,tdBxQYb9DG7r9MBTxp9lPBgRiS8=
56,4,TR/I5n1Qma6nrnseach5JqVchBY=,pGF1xnvaZXH0xFzeKKX4wzIJURY=
48,6,TR/I5n1Qma6nrnseach5JqVchBY=,tdBxQYb9DG7r9MBTxp9lPBgRiS8=
53,6,TR/I5n1Qma6nrnseach5JqVchBY=,tdBxQYb9DG7r9MBTxp9lPBgRiS8=
50,5,TR/I5n1Qma6nrnseach5JqVchBY=,tdBxQYb9DG7r9MBTxp9lPBgRiS8=
53,4,TR/I5n1Qma6nrnseach5JqVchBY=,tdBxQYb9DG7r9MBTxp9lPBgRiS8=
49,6,TR/I5n1Qma6nrnseach5JqVchBY=,tdBxQYb9DG7r9MBTxp9lPBgRiS8=
48,4,TR/I5n1Qma6nrnseach5JqVchBY=,tdBxQYb9DG7r9MBTxp9lPBgRiS8=
54,6,TR/I5n1Qma6nrnseach5JqVchBY=,tdBxQYb9DG7r9MBTxp9lPBgRiS8=
54,7,TR/I5n1Qma6nrnseach5JqVchBY=,tdBxQYb9DG7r9MBTxp9lPBgRiS8=
56,0,TR/I5n1Qma6nrnseach5JqVchBY=,pGF1xnvaZXH0xFzeKKX4wzIJURY=
50,4,TR/I5n1Qma6nrnseach5JqVchBY=,tdBxQYb9DG7r9MBTxp9lPBgRiS8=
49,7,TR/I5n1Qma6nrnseach5JqVchBY=,tdBxQYb9DG7r9MBTxp9lPBgRiS8=
63,15,TR/I5n1Qma6nrnseach5JqVchBY=,pGF1xnvaZXH0xFzeKKX4wzIJURY=
51,7,TR/I5n1Qma6nrnseach5JqVchBY=,tdBxQYb9DG7r9MBTxp9lPBgRiS8=
51,5,TR/I5n1Qma6nrnseach5JqVchBY=,tdBxQYb9DG7r9MBTxp9lPBgRiS8=
56,8,TR/I5n1Qma6nrnseach5JqVchBY=,pGF1xnvaZXH0xFzeKKX4wzIJURY=
52,7,TR/I5n1Qma6nrnseach5JqVchBY=,tdBxQYb9DG7r9MBTxp9lPBgRiS8=
63,0,TR/I5n1Qma6nrnseach5JqVchBY=,pGF1xnvaZXH0xFzeKKX4wzIJURY=
51,4,TR/I5n1Qma6nrnseach5JqVchBY=,tdBxQYb9DG7r9MBTxp9lPBgRiS8=
58,5,TR/I5n1Qma6nrnseach5JqVchBY=,pGF1xnvaZXH0xFzeKKX4wzIJURY=
50,2,TR/I5n1Qma6nrnseach5JqVchBY=,tdBxQYb9DG7r9MBTxp9lPBgRiS8=
63,3,TR/I5n1Qma6nrnseach5JqVchBY=,pGF1xnvaZXH0xFzeKKX4wzIJURY=
51,6,TR/I5n1Qma6nrnseach5JqVchBY=,tdBxQYb9DG7r9MBTxp9lPBgRiS8=
48,2,TR/I5n1Qma6nrnseach5JqVchBY=,tdBxQYb9DG7r9MBTxp9lPBgRiS8=
53,7,TR/I5n1Qma6nrnseach5JqVchBY=,tdBxQYb9DG7r9MBTxp9lPBgRiS8=
57,5,TR/I5n1Qma6nrnseach5JqVchBY=,pGF1xnvaZXH0xFzeKKX4wzIJURY=
51,3,TR/I5n1Qma6nrnseach5JqVchBY=,tdBxQYb9DG7r9MBTxp9lPBgRiS8=
59,4,TR/I5n1Qma6nrnseach5JqVchBY=,pGF1xnvaZXH0xFzeKKX4wzIJURY=
49,2,TR/I5n1Qma6nrnseach5JqVchBY=,tdBxQYb9DG7r9MBTxp9lPBgRiS8=
49,3,TR/I5n1Qma6nrnseach5JqVchBY=,tdBxQYb9DG7r9MBTxp9lPBgRiS8=
49,4,TR/I5n1Qma6nrnseach5JqVchBY=,tdBxQYb9DG7r9MBTxp9lPBgRiS8=
48,0,TR/I5n1Qma6nrnseach5JqVchBY=,tdBxQYb9DG7r9MBTxp9lPBgRiS8=
51,0,TR/I5n1Qma6nrnseach5JqVchBY=,tdBxQYb9DG7r9MBTxp9lPBgRiS8=
55,5,TR/I5n1Qma6nrnseach5JqVchBY=,tdBxQYb9DG7r9MBTxp9lPBgRiS8=
63,2,TR/I5n1Qma6nrnseach5JqVchBY=,pGF1xnvaZXH0xFzeKKX4wzIJURY=
48,5,TR/I5n1Qma6nrnseach5JqVchBY=,tdBxQYb9DG7r9MBTxp9lPBgRiS8=
51,1,TR/I5n1Qma6nrnseach5JqVchBY=,tdBxQYb9DG7r9MBTxp9lPBgRiS8=
50,3,TR/I5n1Qma6nrnseach5JqVchBY=,tdBxQYb9DG7r9MBTxp9lPBgRiS8=
55,0,TR/I5n1Qma6nrnseach5JqVchBY=,tdBxQYb9DG7r9MBTxp9lPBgRiS8=
62,2,TR/I5n1Qma6nrnseach5JqVchBY=,pGF1xnvaZXH0xFzeKKX4wzIJURY=
50,6,TR/I5n1Qma6nrnseach5JqVchBY=,tdBxQYb9DG7r9MBTxp9lPBgRiS8=
52,3,TR/I5n1Qma6nrnseach5JqVchBY=,tdBxQYb9DG7r9MBTxp9lPBgRiS8=
60,0,TR/I5n1Qma6nrnseach5JqVchBY=,pGF1xnvaZXH0xFzeKKX4wzIJURY=
49,5,TR/I5n1Qma6nrnseach5JqVchBY=,tdBxQYb9DG7r9MBTxp9lPBgRiS8=
48,1,TR/I5n1Qma6nrnseach5JqVchBY=,tdBxQYb9DG7r9MBTxp9lPBgRiS8=
51,2,TR/I5n1Qma6nrnseach5JqVchBY=,tdBxQYb9DG7r9MBTxp9lPBgRiS8=
61,2,TR/I5n1Qma6nrnseach5JqVchBY=,pGF1xnvaZXH0xFzeKKX4wzIJURY=
49,1,TR/I5n1Qma6nrnseach5JqVchBY=,tdBxQYb9DG7r9MBTxp9lPBgRiS8=
54,0,TR/I5n1Qma6nrnseach5JqVchBY=,tdBxQYb9DG7r9MBTxp9lPBgRiS8=
50,7,TR/I5n1Qma6nrnseach5JqVchBY=,tdBxQYb9DG7r9MBTxp9lPBgRiS8=
61,0,TR/I5n1Qma6nrnseach5JqVchBY=,pGF1xnvaZXH0xFzeKKX4wzIJURY=
49,0,TR/I5n1Qma6nrnseach5JqVchBY=,tdBxQYb9DG7r9MBTxp9lPBgRiS8=
59,0,TR/I5n1Qma6nrnseach5JqVchBY=,pGF1xnvaZXH0xFzeKKX4wzIJURY=
58,4,TR/I5n1Qma6nrnseach5JqVchBY=,pGF1xnvaZXH0xFzeKKX4wzIJURY=
52,0,TR/I5n1Qma6nrnseach5JqVchBY=,tdBxQYb9DG7r9MBTxp9lPBgRiS8=
50,1,TR/I5n1Qma6nrnseach5JqVchBY=,tdBxQYb9DG7r9MBTxp9lPBgRiS8=
53,0,TR/I5n1Qma6nrnseach5JqVchBY=,tdBxQYb9DG7r9MBTxp9lPBgRiS8=
50,0,TR/I5n1Qma6nrnseach5JqVchBY=,tdBxQYb9DG7r9MBTxp9lPBgRiS8=
58,1,TR/I5n1Qma6nrnseach5JqVchBY=,pGF1xnvaZXH0xFzeKKX4wzIJURY=
57,0,TR/I5n1Qma6nrnseach5JqVchBY=,pGF1xnvaZXH0xFzeKKX4wzIJURY=
57,2,TR/I5n1Qma6nrnseach5JqVchBY=,pGF1xnvaZXH0xFzeKKX4wzIJURY=
60,2,TR/I5n1Qma6nrnseach5JqVchBY=,pGF1xnvaZXH0xFzeKKX4wzIJURY=
53,1,TR/I5n1Qma6nrnseach5JqVchBY=,tdBxQYb9DG7r9MBTxp9lPBgRiS8=
58,2,TR/I5n1Qma6nrnseach5JqVchBY=,pGF1xnvaZXH0xFzeKKX4wzIJURY=
54,5,TR/I5n1Qma6nrnseach5JqVchBY=,tdBxQYb9DG7r9MBTxp9lPBgRiS8=
62,0,TR/I5n1Qma6nrnseach5JqVchBY=,pGF1xnvaZXH0xFzeKKX4wzIJURY=
59,1,TR/I5n1Qma6nrnseach5JqVchBY=,pGF1xnvaZXH0xFzeKKX4wzIJURY=
57,1,TR/I5n1Qma6nrnseach5JqVchBY=,pGF1xnvaZXH0xFzeKKX4wzIJURY=
58,0,TR/I5n1Qma6nrnseach5JqVchBY=,pGF1xnvaZXH0xFzeKKX4wzIJURY=
63,1,TR/I5n1Qma6nrnseach5JqVchBY=,pGF1xnvaZXH0xFzeKKX4wzIJURY=
52,2,TR/I5n1Qma6nrnseach5JqVchBY=,tdBxQYb9DG7r9MBTxp9lPBgRiS8=
53,3,TR/I5n1Qma6nrnseach5JqVchBY=,tdBxQYb9DG7r9MBTxp9lPBgRiS8=
54,2,TR/I5n1Qma6nrnseach5JqVchBY=,tdBxQYb9DG7r9MBTxp9lPBgRiS8=
58,3,TR/I5n1Qma6nrnseach5JqVchBY=,pGF1xnvaZXH0xFzeKKX4wzIJURY=
62,1,TR/I5n1Qma6nrnseach5JqVchBY=,pGF1xnvaZXH0xFzeKKX4wzIJURY=
53,5,TR/I5n1Qma6nrnseach5JqVchBY=,tdBxQYb9DG7r9MBTxp9lPBgRiS8=
54,1,TR/I5n1Qma6nrnseach5JqVchBY=,tdBxQYb9DG7r9MBTxp9lPBgRiS8=
59,2,TR/I5n1Qma6nrnseach5JqVchBY=,pGF1xnvaZXH0xFzeKKX4wzIJURY=
60,1,TR/I5n1Qma6nrnseach5JqVchBY=,pGF1xnvaZXH0xFzeKKX4wzIJURY=
56,1,TR/I5n1Qma6nrnseach5JqVchBY=,pGF1xnvaZXH0xFzeKKX4wzIJURY=
61,1,TR/I5n1Qma6nrnseach5JqVchBY=,pGF1xnvaZXH0xFzeKKX4wzIJURY=
59,3,TR/I5n1Qma6nrnseach5JqVchBY=,pGF1xnvaZXH0xFzeKKX4wzIJURY=
53,2,TR/I5n1Qma6nrnseach5JqVchBY=,tdBxQYb9DG7r9MBTxp9lPBgRiS8=
55,1,TR/I5n1Qma6nrnseach5JqVchBY=,tdBxQYb9DG7r9MBTxp9lPBgRiS8=
57,3,TR/I5n1Qma6nrnseach5JqVchBY=,pGF1xnvaZXH0xFzeKKX4wzIJURY=
55,3,TR/I5n1Qma6nrnseach5JqVchBY=,tdBxQYb9DG7r9MBTxp9lPBgRiS8=
55,2,TR/I5n1Qma6nrnseach5JqVchBY=,tdBxQYb9DG7r9MBTxp9lPBgRiS8=
57,4,TR/I5n1Qma6nrnseach5JqVchBY=,pGF1xnvaZXH0xFzeKKX4wzIJURY=
52,1,TR/I5n1Qma6nrnseach5JqVchBY=,tdBxQYb9DG7r9MBTxp9lPBgRiS8=
48,3,TR/I5n1Qma6nrnseach5JqVchBY=,tdBxQYb9DG7r9MBTxp9lPBgRiS8=
56,2,TR/I5n1Qma6nrnseach5JqVchBY=,pGF1xnvaZXH0xFzeKKX4wzIJURY=
56,3,TR/I5n1Qma6nrnseach5JqVchBY=,pGF1xnvaZXH0xFzeKKX4wzIJURY=
54,3,TR/I5n1Qma6nrnseach5JqVchBY=,tdBxQYb9DG7r9MBTxp9lPBgRiS8=
52,5,TR/I5n1Qma6nrnseach5JqVchBY=,tdBxQYb9DG7r9MBTxp9lPBgRiS8=
