57,-46,vEplFopDXOrsSiXX/6zv1vvTzJI=,pGF1xnvaZXH0xFzeKKX4wzIJURY=
60,-47,vEplFopDXOrsSiXX/6zv1vvTzJI=,pGF1xnvaZXH0xFzeKKX4wzIJURY=
59,-47,vEplFopDXOrsSiXX/6zv1vvTzJI=,pGF1xnvaZXH0xFzeKKX4wzIJURY=
58,-47,vEplFopDXOrsSiXX/6zv1vvTzJI=,pGF1xnvaZXH0xFzeKKX4wzIJURY=
57,-47,vEplFopDXOrsSiXX/6zv1vvTzJI=,pGF1xnvaZXH0xFzeKKX4wzIJURY=
61,-45,vEplFopDXOrsSiXX/6zv1vvTzJI=,pGF1xnvaZXH0xFzeKKX4wzIJURY=
60,-45,vEplFopDXOrsSiXX/6zv1vvTzJI=,pGF1xnvaZXH0xFzeKKX4wzIJURY=
60,-46,vEplFopDXOrsSiXX/6zv1vvTzJI=,pGF1xnvaZXH0xFzeKKX4wzIJURY=
59,-46,vEplFopDXOrsSiXX/6zv1vvTzJI=,pGF1xnvaZXH0xFzeKKX4wzIJURY=
58,-46,vEplFopDXOrsSiXX/6zv1vvTzJI=,pGF1xnvaZXH0xFzeKKX4wzIJURY=
57,-35,vEplFopDXOrsSiXX/6zv1vvTzJI=,pGF1xnvaZXH0xFzeKKX4wzIJURY=
58,-35,vEplFopDXOrsSiXX/6zv1vvTzJI=,pGF1xnvaZXH0xFzeKKX4wzIJURY=
59,-35,vEplFopDXOrsSiXX/6zv1vvTzJI=,pGF1xnvaZXH0xFzeKKX4wzIJURY=
58,-34,vEplFopDXOrsSiXX/6zv1vvTzJI=,pGF1xnvaZXH0xFzeKKX4wzIJURY=
59,-34,vEplFopDXOrsSiXX/6zv1vvTzJI=,pGF1xnvaZXH0xFzeKKX4wzIJURY=
60,-34,vEplFopDXOrsSiXX/6zv1vvTzJI=,pGF1xnvaZXH0xFzeKKX4wzIJURY=
61,-34,vEplFopDXOrsSiXX/6zv1vvTzJI=,pGF1xnvaZXH0xFzeKKX4wzIJURY=
55,-46,vEplFopDXOrsSiXX/6zv1vvTzJI=,zLylSyFThTW0yEUPxLyp5nH/81U=
56,-46,vpmTiVF5c3v4X9leOx3JekBy8HY=,pGF1xnvaZXH0xFzeKKX4wzIJURY=
56,-47,vpmTiVF5c3v4X9leOx3JekBy8HY=,pGF1xnvaZXH0xFzeKKX4wzIJURY=
53,-47,vpmTiVF5c3v4X9leOx3JekBy8HY=,zLylSyFThTW0yEUPxLyp5nH/81U=
54,-47,vpmTiVF5c3v4X9leOx3JekBy8HY=,zLylSyFThTW0yEUPxLyp5nH/81U=
55,-47,vpmTiVF5c3v4X9leOx3JekBy8HY=,zLylSyFThTW0yEUPxLyp5nH/81U=
56,-42,vpmTiVF5c3v4X9leOx3JekBy8HY=,pGF1xnvaZXH0xFzeKKX4wzIJURY=
55,-42,vpmTiVF5c3v4X9leOx3JekBy8HY=,zLylSyFThTW0yEUPxLyp5nH/81U=
54,-41,vpmTiVF5c3v4X9leOx3JekBy8HY=,zLylSyFThTW0yEUPxLyp5nH/81U=
56,-43,vpmTiVF5c3v4X9leOx3JekBy8HY=,pGF1xnvaZXH0xFzeKKX4wzIJURY=
55,-41,vpmTiVF5c3v4X9leOx3JekBy8HY=,zLylSyFThTW0yEUPxLyp5nH/81U=
54,-42,vpmTiVF5c3v4X9leOx3JekBy8HY=,zLylSyFThTW0yEUPxLyp5nH/81U=
53,-41,vpmTiVF5c3v4X9leOx3JekBy8HY=,zLylSyFThTW0yEUPxLyp5nH/81U=
53,-42,vpmTiVF5c3v4X9leOx3JekBy8HY=,zLylSyFThTW0yEUPxLyp5nH/81U=
56,-41,vpmTiVF5c3v4X9leOx3JekBy8HY=,pGF1xnvaZXH0xFzeKKX4wzIJURY=
52,-44,vpmTiVF5c3v4X9leOx3JekBy8HY=,zLylSyFThTW0yEUPxLyp5nH/81U=
53,-43,vpmTiVF5c3v4X9leOx3JekBy8HY=,zLylSyFThTW0yEUPxLyp5nH/81U=
52,-41,vpmTiVF5c3v4X9leOx3JekBy8HY=,zLylSyFThTW0yEUPxLyp5nH/81U=
54,-44,vpmTiVF5c3v4X9leOx3JekBy8HY=,zLylSyFThTW0yEUPxLyp5nH/81U=
55,-43,vpmTiVF5c3v4X9leOx3JekBy8HY=,zLylSyFThTW0yEUPxLyp5nH/81U=
58,-40,vpmTiVF5c3v4X9leOx3JekBy8HY=,pGF1xnvaZXH0xFzeKKX4wzIJURY=
54,-43,vpmTiVF5c3v4X9leOx3JekBy8HY=,zLylSyFThTW0yEUPxLyp5nH/81U=
57,-40,vpmTiVF5c3v4X9leOx3JekBy8HY=,pGF1xnvaZXH0xFzeKKX4wzIJURY=
57,-39,vpmTiVF5c3v4X9leOx3JekBy8HY=,pGF1xnvaZXH0xFzeKKX4wzIJURY=
55,-44,vpmTiVF5c3v4X9leOx3JekBy8HY=,zLylSyFThTW0yEUPxLyp5nH/81U=
57,-37,vpmTiVF5c3v4X9leOx3JekBy8HY=,pGF1xnvaZXH0xFzeKKX4wzIJURY=
52,-42,vpmTiVF5c3v4X9leOx3JekBy8HY=,zLylSyFThTW0yEUPxLyp5nH/81U=
59,-43,vpmTiVF5c3v4X9leOx3JekBy8HY=,pGF1xnvaZXH0xFzeKKX4wzIJURY=
58,-39,vpmTiVF5c3v4X9leOx3JekBy8HY=,pGF1xnvaZXH0xFzeKKX4wzIJURY=
57,-42,vpmTiVF5c3v4X9leOx3JekBy8HY=,pGF1xnvaZXH0xFzeKKX4wzIJURY=
59,-42,vpmTiVF5c3v4X9leOx3JekBy8HY=,pGF1xnvaZXH0xFzeKKX4wzIJURY=
53,-44,vpmTiVF5c3v4X9leOx3JekBy8HY=,zLylSyFThTW0yEUPxLyp5nH/81U=
56,-44,vpmTiVF5c3v4X9leOx3JekBy8HY=,pGF1xnvaZXH0xFzeKKX4wzIJURY=
57,-43,vpmTiVF5c3v4X9leOx3JekBy8HY=,pGF1xnvaZXH0xFzeKKX4wzIJURY=
59,-44,vpmTiVF5c3v4X9leOx3JekBy8HY=,pGF1xnvaZXH0xFzeKKX4wzIJURY=
58,-42,vpmTiVF5c3v4X9leOx3JekBy8HY=,pGF1xnvaZXH0xFzeKKX4wzIJURY=
58,-43,vpmTiVF5c3v4X9leOx3JekBy8HY=,pGF1xnvaZXH0xFzeKKX4wzIJURY=
58,-37,vpmTiVF5c3v4X9leOx3JekBy8HY=,pGF1xnvaZXH0xFzeKKX4wzIJURY=
52,-39,vpmTiVF5c3v4X9leOx3JekBy8HY=,zLylSyFThTW0yEUPxLyp5nH/81U=
57,-41,vpmTiVF5c3v4X9leOx3JekBy8HY=,pGF1xnvaZXH0xFzeKKX4wzIJURY=
58,-38,vpmTiVF5c3v4X9leOx3JekBy8HY=,pGF1xnvaZXH0xFzeKKX4wzIJURY=
58,-41,vpmTiVF5c3v4X9leOx3JekBy8HY=,pGF1xnvaZXH0xFzeKKX4wzIJURY=
59,-39,vpmTiVF5c3v4X9leOx3JekBy8HY=,pGF1xnvaZXH0xFzeKKX4wzIJURY=
59,-37,vpmTiVF5c3v4X9leOx3JekBy8HY=,pGF1xnvaZXH0xFzeKKX4wzIJURY=
59,-40,vpmTiVF5c3v4X9leOx3JekBy8HY=,pGF1xnvaZXH0xFzeKKX4wzIJURY=
56,-40,vpmTiVF5c3v4X9leOx3JekBy8HY=,pGF1xnvaZXH0xFzeKKX4wzIJURY=
58,-44,vpmTiVF5c3v4X9leOx3JekBy8HY=,pGF1xnvaZXH0xFzeKKX4wzIJURY=
53,-39,vpmTiVF5c3v4X9leOx3JekBy8HY=,zLylSyFThTW0yEUPxLyp5nH/81U=
57,-44,vpmTiVF5c3v4X9leOx3JekBy8HY=,pGF1xnvaZXH0xFzeKKX4wzIJURY=
56,-38,vpmTiVF5c3v4X9leOx3JekBy8HY=,pGF1xnvaZXH0xFzeKKX4wzIJURY=
52,-43,vpmTiVF5c3v4X9leOx3JekBy8HY=,zLylSyFThTW0yEUPxLyp5nH/81U=
59,-38,vpmTiVF5c3v4X9leOx3JekBy8HY=,pGF1xnvaZXH0xFzeKKX4wzIJURY=
55,-40,vpmTiVF5c3v4X9leOx3JekBy8HY=,zLylSyFThTW0yEUPxLyp5nH/81U=
54,-40,vpmTiVF5c3v4X9leOx3JekBy8HY=,zLylSyFThTW0yEUPxLyp5nH/81U=
56,-37,vpmTiVF5c3v4X9leOx3JekBy8HY=,pGF1xnvaZXH0xFzeKKX4wzIJURY=
57,-38,vpmTiVF5c3v4X9leOx3JekBy8HY=,pGF1xnvaZXH0xFzeKKX4wzIJURY=
59,-41,vpmTiVF5c3v4X9leOx3JekBy8HY=,pGF1xnvaZXH0xFzeKKX4wzIJURY=
53,-37,vpmTiVF5c3v4X9leOx3JekBy8HY=,zLylSyFThTW0yEUPxLyp5nH/81U=
53,-40,vpmTiVF5c3v4X9leOx3JekBy8HY=,zLylSyFThTW0yEUPxLyp5nH/81U=
55,-37,vpmTiVF5c3v4X9leOx3JekBy8HY=,zLylSyFThTW0yEUPxLyp5nH/81U=
52,-40,vpmTiVF5c3v4X9leOx3JekBy8HY=,zLylSyFThTW0yEUPxLyp5nH/81U=
52,-37,vpmTiVF5c3v4X9leOx3JekBy8HY=,zLylSyFThTW0yEUPxLyp5nH/81U=
56,-39,vpmTiVF5c3v4X9leOx3JekBy8HY=,pGF1xnvaZXH0xFzeKKX4wzIJURY=
54,-37,vpmTiVF5c3v4X9leOx3JekBy8HY=,zLylSyFThTW0yEUPxLyp5nH/81U=
55,-39,vpmTiVF5c3v4X9leOx3JekBy8HY=,zLylSyFThTW0yEUPxLyp5nH/81U=
55,-38,vpmTiVF5c3v4X9leOx3JekBy8HY=,zLylSyFThTW0yEUPxLyp5nH/81U=
54,-38,vpmTiVF5c3v4X9leOx3JekBy8HY=,zLylSyFThTW0yEUPxLyp5nH/81U=
52,-38,vpmTiVF5c3v4X9leOx3JekBy8HY=,zLylSyFThTW0yEUPxLyp5nH/81U=
53,-48,vpmTiVF5c3v4X9leOx3JekBy8HY=,zLylSyFThTW0yEUPxLyp5nH/81U=
54,-48,vpmTiVF5c3v4X9leOx3JekBy8HY=,zLylSyFThTW0yEUPxLyp5nH/81U=
53,-38,vpmTiVF5c3v4X9leOx3JekBy8HY=,zLylSyFThTW0yEUPxLyp5nH/81U=
50,-34,vpmTiVF5c3v4X9leOx3JekBy8HY=,zLylSyFThTW0yEUPxLyp5nH/81U=
54,-39,vpmTiVF5c3v4X9leOx3JekBy8HY=,zLylSyFThTW0yEUPxLyp5nH/81U=
52,-48,vpmTiVF5c3v4X9leOx3JekBy8HY=,zLylSyFThTW0yEUPxLyp5nH/81U=
63,-42,vpmTiVF5c3v4X9leOx3JekBy8HY=,pGF1xnvaZXH0xFzeKKX4wzIJURY=
48,-33,vpmTiVF5c3v4X9leOx3JekBy8HY=,zLylSyFThTW0yEUPxLyp5nH/81U=
63,-41,vpmTiVF5c3v4X9leOx3JekBy8HY=,pGF1xnvaZXH0xFzeKKX4wzIJURY=
62,-40,vpmTiVF5c3v4X9leOx3JekBy8HY=,pGF1xnvaZXH0xFzeKKX4wzIJURY=
52,-47,vpmTiVF5c3v4X9leOx3JekBy8HY=,zLylSyFThTW0yEUPxLyp5nH/81U=
60,-40,vpmTiVF5c3v4X9leOx3JekBy8HY=,pGF1xnvaZXH0xFzeKKX4wzIJURY=
63,-43,vpmTiVF5c3v4X9leOx3JekBy8HY=,pGF1xnvaZXH0xFzeKKX4wzIJURY=
62,-39,vpmTiVF5c3v4X9leOx3JekBy8HY=,pGF1xnvaZXH0xFzeKKX4wzIJURY=
63,-39,vpmTiVF5c3v4X9leOx3JekBy8HY=,pGF1xnvaZXH0xFzeKKX4wzIJURY=
51,-34,vpmTiVF5c3v4X9leOx3JekBy8HY=,zLylSyFThTW0yEUPxLyp5nH/81U=
63,-44,vpmTiVF5c3v4X9leOx3JekBy8HY=,pGF1xnvaZXH0xFzeKKX4wzIJURY=
48,-41,vpmTiVF5c3v4X9leOx3JekBy8HY=,zLylSyFThTW0yEUPxLyp5nH/81U=
51,-35,vpmTiVF5c3v4X9leOx3JekBy8HY=,zLylSyFThTW0yEUPxLyp5nH/81U=
55,-45,vpmTiVF5c3v4X9leOx3JekBy8HY=,zLylSyFThTW0yEUPxLyp5nH/81U=
48,-34,vpmTiVF5c3v4X9leOx3JekBy8HY=,zLylSyFThTW0yEUPxLyp5nH/81U=
63,-38,vpmTiVF5c3v4X9leOx3JekBy8HY=,pGF1xnvaZXH0xFzeKKX4wzIJURY=
62,-42,vpmTiVF5c3v4X9leOx3JekBy8HY=,pGF1xnvaZXH0xFzeKKX4wzIJURY=
62,-41,vpmTiVF5c3v4X9leOx3JekBy8HY=,pGF1xnvaZXH0xFzeKKX4wzIJURY=
61,-40,vpmTiVF5c3v4X9leOx3JekBy8HY=,pGF1xnvaZXH0xFzeKKX4wzIJURY=
49,-34,vpmTiVF5c3v4X9leOx3JekBy8HY=,zLylSyFThTW0yEUPxLyp5nH/81U=
60,-39,vpmTiVF5c3v4X9leOx3JekBy8HY=,pGF1xnvaZXH0xFzeKKX4wzIJURY=
61,-39,vpmTiVF5c3v4X9leOx3JekBy8HY=,pGF1xnvaZXH0xFzeKKX4wzIJURY=
63,-37,vpmTiVF5c3v4X9leOx3JekBy8HY=,pGF1xnvaZXH0xFzeKKX4wzIJURY=
63,-40,vpmTiVF5c3v4X9leOx3JekBy8HY=,pGF1xnvaZXH0xFzeKKX4wzIJURY=
61,-41,vpmTiVF5c3v4X9leOx3JekBy8HY=,pGF1xnvaZXH0xFzeKKX4wzIJURY=
48,-35,vpmTiVF5c3v4X9leOx3JekBy8HY=,zLylSyFThTW0yEUPxLyp5nH/81U=
48,-40,vpmTiVF5c3v4X9leOx3JekBy8HY=,zLylSyFThTW0yEUPxLyp5nH/81U=
54,-45,vpmTiVF5c3v4X9leOx3JekBy8HY=,zLylSyFThTW0yEUPxLyp5nH/81U=
62,-38,vpmTiVF5c3v4X9leOx3JekBy8HY=,pGF1xnvaZXH0xFzeKKX4wzIJURY=
60,-41,vpmTiVF5c3v4X9leOx3JekBy8HY=,pGF1xnvaZXH0xFzeKKX4wzIJURY=
49,-35,vpmTiVF5c3v4X9leOx3JekBy8HY=,zLylSyFThTW0yEUPxLyp5nH/81U=
50,-35,vpmTiVF5c3v4X9leOx3JekBy8HY=,zLylSyFThTW0yEUPxLyp5nH/81U=
48,-42,vpmTiVF5c3v4X9leOx3JekBy8HY=,zLylSyFThTW0yEUPxLyp5nH/81U=
62,-37,vpmTiVF5c3v4X9leOx3JekBy8HY=,pGF1xnvaZXH0xFzeKKX4wzIJURY=
60,-44,vpmTiVF5c3v4X9leOx3JekBy8HY=,pGF1xnvaZXH0xFzeKKX4wzIJURY=
60,-38,vpmTiVF5c3v4X9leOx3JekBy8HY=,pGF1xnvaZXH0xFzeKKX4wzIJURY=
53,-45,vpmTiVF5c3v4X9leOx3JekBy8HY=,zLylSyFThTW0yEUPxLyp5nH/81U=
61,-44,vpmTiVF5c3v4X9leOx3JekBy8HY=,pGF1xnvaZXH0xFzeKKX4wzIJURY=
51,-36,vpmTiVF5c3v4X9leOx3JekBy8HY=,zLylSyFThTW0yEUPxLyp5nH/81U=
48,-46,vpmTiVF5c3v4X9leOx3JekBy8HY=,zLylSyFThTW0yEUPxLyp5nH/81U=
48,-36,vpmTiVF5c3v4X9leOx3JekBy8HY=,zLylSyFThTW0yEUPxLyp5nH/81U=
48,-48,vpmTiVF5c3v4X9leOx3JekBy8HY=,zLylSyFThTW0yEUPxLyp5nH/81U=
61,-42,vpmTiVF5c3v4X9leOx3JekBy8HY=,pGF1xnvaZXH0xFzeKKX4wzIJURY=
62,-44,vpmTiVF5c3v4X9leOx3JekBy8HY=,pGF1xnvaZXH0xFzeKKX4wzIJURY=
60,-37,vpmTiVF5c3v4X9leOx3JekBy8HY=,pGF1xnvaZXH0xFzeKKX4wzIJURY=
61,-38,vpmTiVF5c3v4X9leOx3JekBy8HY=,pGF1xnvaZXH0xFzeKKX4wzIJURY=
61,-37,vpmTiVF5c3v4X9leOx3JekBy8HY=,pGF1xnvaZXH0xFzeKKX4wzIJURY=
60,-43,vpmTiVF5c3v4X9leOx3JekBy8HY=,pGF1xnvaZXH0xFzeKKX4wzIJURY=
52,-45,vpmTiVF5c3v4X9leOx3JekBy8HY=,zLylSyFThTW0yEUPxLyp5nH/81U=
51,-33,vpmTiVF5c3v4X9leOx3JekBy8HY=,zLylSyFThTW0yEUPxLyp5nH/81U=
54,-46,vpmTiVF5c3v4X9leOx3JekBy8HY=,zLylSyFThTW0yEUPxLyp5nH/81U=
48,-43,vpmTiVF5c3v4X9leOx3JekBy8HY=,zLylSyFThTW0yEUPxLyp5nH/81U=
61,-43,vpmTiVF5c3v4X9leOx3JekBy8HY=,pGF1xnvaZXH0xFzeKKX4wzIJURY=
50,-36,vpmTiVF5c3v4X9leOx3JekBy8HY=,zLylSyFThTW0yEUPxLyp5nH/81U=
50,-47,vpmTiVF5c3v4X9leOx3JekBy8HY=,zLylSyFThTW0yEUPxLyp5nH/81U=
60,-42,vpmTiVF5c3v4X9leOx3JekBy8HY=,pGF1xnvaZXH0xFzeKKX4wzIJURY=
55,-48,vpmTiVF5c3v4X9leOx3JekBy8HY=,zLylSyFThTW0yEUPxLyp5nH/81U=
59,-48,vpmTiVF5c3v4X9leOx3JekBy8HY=,pGF1xnvaZXH0xFzeKKX4wzIJURY=
58,-48,vpmTiVF5c3v4X9leOx3JekBy8HY=,pGF1xnvaZXH0xFzeKKX4wzIJURY=
57,-48,vpmTiVF5c3v4X9leOx3JekBy8HY=,pGF1xnvaZXH0xFzeKKX4wzIJURY=
56,-48,vpmTiVF5c3v4X9leOx3JekBy8HY=,pGF1xnvaZXH0xFzeKKX4wzIJURY=
49,-46,vpmTiVF5c3v4X9leOx3JekBy8HY=,zLylSyFThTW0yEUPxLyp5nH/81U=
49,-44,vpmTiVF5c3v4X9leOx3JekBy8HY=,zLylSyFThTW0yEUPxLyp5nH/81U=
51,-45,vpmTiVF5c3v4X9leOx3JekBy8HY=,zLylSyFThTW0yEUPxLyp5nH/81U=
60,-48,vpmTiVF5c3v4X9leOx3JekBy8HY=,pGF1xnvaZXH0xFzeKKX4wzIJURY=
48,-45,vpmTiVF5c3v4X9leOx3JekBy8HY=,zLylSyFThTW0yEUPxLyp5nH/81U=
50,-46,vpmTiVF5c3v4X9leOx3JekBy8HY=,zLylSyFThTW0yEUPxLyp5nH/81U=
62,-43,vpmTiVF5c3v4X9leOx3JekBy8HY=,pGF1xnvaZXH0xFzeKKX4wzIJURY=
61,-48,vpmTiVF5c3v4X9leOx3JekBy8HY=,pGF1xnvaZXH0xFzeKKX4wzIJURY=
49,-48,vpmTiVF5c3v4X9leOx3JekBy8HY=,zLylSyFThTW0yEUPxLyp5nH/81U=
49,-36,vpmTiVF5c3v4X9leOx3JekBy8HY=,zLylSyFThTW0yEUPxLyp5nH/81U=
60,-33,vpmTiVF5c3v4X9leOx3JekBy8HY=,pGF1xnvaZXH0xFzeKKX4wzIJURY=
61,-33,vpmTiVF5c3v4X9leOx3JekBy8HY=,pGF1xnvaZXH0xFzeKKX4wzIJURY=
51,-46,vpmTiVF5c3v4X9leOx3JekBy8HY=,zLylSyFThTW0yEUPxLyp5nH/81U=
53,-46,vpmTiVF5c3v4X9leOx3JekBy8HY=,zLylSyFThTW0yEUPxLyp5nH/81U=
50,-44,vpmTiVF5c3v4X9leOx3JekBy8HY=,zLylSyFThTW0yEUPxLyp5nH/81U=
59,-33,vpmTiVF5c3v4X9leOx3JekBy8HY=,pGF1xnvaZXH0xFzeKKX4wzIJURY=
61,-47,vpmTiVF5c3v4X9leOx3JekBy8HY=,pGF1xnvaZXH0xFzeKKX4wzIJURY=
50,-45,vpmTiVF5c3v4X9leOx3JekBy8HY=,zLylSyFThTW0yEUPxLyp5nH/81U=
58,-33,vpmTiVF5c3v4X9leOx3JekBy8HY=,pGF1xnvaZXH0xFzeKKX4wzIJURY=
62,-48,vpmTiVF5c3v4X9leOx3JekBy8HY=,pGF1xnvaZXH0xFzeKKX4wzIJURY=
62,-45,vpmTiVF5c3v4X9leOx3JekBy8HY=,pGF1xnvaZXH0xFzeKKX4wzIJURY=
59,-45,vpmTiVF5c3v4X9leOx3JekBy8HY=,pGF1xnvaZXH0xFzeKKX4wzIJURY=
49,-45,vpmTiVF5c3v4X9leOx3JekBy8HY=,zLylSyFThTW0yEUPxLyp5nH/81U=
58,-45,vpmTiVF5c3v4X9leOx3JekBy8HY=,pGF1xnvaZXH0xFzeKKX4wzIJURY=
61,-46,vpmTiVF5c3v4X9leOx3JekBy8HY=,pGF1xnvaZXH0xFzeKKX4wzIJURY=
57,-45,vpmTiVF5c3v4X9leOx3JekBy8HY=,pGF1xnvaZXH0xFzeKKX4wzIJURY=
50,-33,vpmTiVF5c3v4X9leOx3JekBy8HY=,zLylSyFThTW0yEUPxLyp5nH/81U=
49,-47,vpmTiVF5c3v4X9leOx3JekBy8HY=,zLylSyFThTW0yEUPxLyp5nH/81U=
62,-46,vpmTiVF5c3v4X9leOx3JekBy8HY=,pGF1xnvaZXH0xFzeKKX4wzIJURY=
52,-46,vpmTiVF5c3v4X9leOx3JekBy8HY=,zLylSyFThTW0yEUPxLyp5nH/81U=
55,-33,vpmTiVF5c3v4X9leOx3JekBy8HY=,zLylSyFThTW0yEUPxLyp5nH/81U=
56,-33,vpmTiVF5c3v4X9leOx3JekBy8HY=,pGF1xnvaZXH0xFzeKKX4wzIJURY=
50,-48,vpmTiVF5c3v4X9leOx3JekBy8HY=,zLylSyFThTW0yEUPxLyp5nH/81U=
63,-46,vpmTiVF5c3v4X9leOx3JekBy8HY=,pGF1xnvaZXH0xFzeKKX4wzIJURY=
48,-47,vpmTiVF5c3v4X9leOx3JekBy8HY=,zLylSyFThTW0yEUPxLyp5nH/81U=
62,-47,vpmTiVF5c3v4X9leOx3JekBy8HY=,pGF1xnvaZXH0xFzeKKX4wzIJURY=
51,-48,vpmTiVF5c3v4X9leOx3JekBy8HY=,zLylSyFThTW0yEUPxLyp5nH/81U=
57,-36,vpmTiVF5c3v4X9leOx3JekBy8HY=,pGF1xnvaZXH0xFzeKKX4wzIJURY=
51,-44,vpmTiVF5c3v4X9leOx3JekBy8HY=,zLylSyFThTW0yEUPxLyp5nH/81U=
56,-45,vpmTiVF5c3v4X9leOx3JekBy8HY=,pGF1xnvaZXH0xFzeKKX4wzIJURY=
49,-43,vpmTiVF5c3v4X9leOx3JekBy8HY=,zLylSyFThTW0yEUPxLyp5nH/81U=
48,-44,vpmTiVF5c3v4X9leOx3JekBy8HY=,zLylSyFThTW0yEUPxLyp5nH/81U=
60,-35,vpmTiVF5c3v4X9leOx3JekBy8HY=,pGF1xnvaZXH0xFzeKKX4wzIJURY=
49,-39,vpmTiVF5c3v4X9leOx3JekBy8HY=,zLylSyFThTW0yEUPxLyp5nH/81U=
63,-45,vpmTiVF5c3v4X9leOx3JekBy8HY=,pGF1xnvaZXH0xFzeKKX4wzIJURY=
61,-35,vpmTiVF5c3v4X9leOx3JekBy8HY=,pGF1xnvaZXH0xFzeKKX4wzIJURY=
57,-33,vpmTiVF5c3v4X9leOx3JekBy8HY=,pGF1xnvaZXH0xFzeKKX4wzIJURY=
51,-47,vpmTiVF5c3v4X9leOx3JekBy8HY=,zLylSyFThTW0yEUPxLyp5nH/81U=
62,-35,vpmTiVF5c3v4X9leOx3JekBy8HY=,pGF1xnvaZXH0xFzeKKX4wzIJURY=
58,-36,vpmTiVF5c3v4X9leOx3JekBy8HY=,pGF1xnvaZXH0xFzeKKX4wzIJURY=
62,-33,vpmTiVF5c3v4X9leOx3JekBy8HY=,pGF1xnvaZXH0xFzeKKX4wzIJURY=
63,-48,vpmTiVF5c3v4X9leOx3JekBy8HY=,pGF1xnvaZXH0xFzeKKX4wzIJURY=
62,-34,vpmTiVF5c3v4X9leOx3JekBy8HY=,pGF1xnvaZXH0xFzeKKX4wzIJURY=
63,-47,vpmTiVF5c3v4X9leOx3JekBy8HY=,pGF1xnvaZXH0xFzeKKX4wzIJURY=
57,-34,vpmTiVF5c3v4X9leOx3JekBy8HY=,pGF1xnvaZXH0xFzeKKX4wzIJURY=
60,-36,vpmTiVF5c3v4X9leOx3JekBy8HY=,pGF1xnvaZXH0xFzeKKX4wzIJURY=
63,-33,vpmTiVF5c3v4X9leOx3JekBy8HY=,pGF1xnvaZXH0xFzeKKX4wzIJURY=
49,-42,vpmTiVF5c3v4X9leOx3JekBy8HY=,zLylSyFThTW0yEUPxLyp5nH/81U=
51,-42,vpmTiVF5c3v4X9leOx3JekBy8HY=,zLylSyFThTW0yEUPxLyp5nH/81U=
51,-39,vpmTiVF5c3v4X9leOx3JekBy8HY=,zLylSyFThTW0yEUPxLyp5nH/81U=
50,-42,vpmTiVF5c3v4X9leOx3JekBy8HY=,zLylSyFThTW0yEUPxLyp5nH/81U=
50,-43,vpmTiVF5c3v4X9leOx3JekBy8HY=,zLylSyFThTW0yEUPxLyp5nH/81U=
50,-40,vpmTiVF5c3v4X9leOx3JekBy8HY=,zLylSyFThTW0yEUPxLyp5nH/81U=
50,-41,vpmTiVF5c3v4X9leOx3JekBy8HY=,zLylSyFThTW0yEUPxLyp5nH/81U=
51,-40,vpmTiVF5c3v4X9leOx3JekBy8HY=,zLylSyFThTW0yEUPxLyp5nH/81U=
54,-34,vpmTiVF5c3v4X9leOx3JekBy8HY=,zLylSyFThTW0yEUPxLyp5nH/81U=
63,-35,vpmTiVF5c3v4X9leOx3JekBy8HY=,pGF1xnvaZXH0xFzeKKX4wzIJURY=
61,-36,vpmTiVF5c3v4X9leOx3JekBy8HY=,pGF1xnvaZXH0xFzeKKX4wzIJURY=
56,-35,vpmTiVF5c3v4X9leOx3JekBy8HY=,pGF1xnvaZXH0xFzeKKX4wzIJURY=
51,-43,vpmTiVF5c3v4X9leOx3JekBy8HY=,zLylSyFThTW0yEUPxLyp5nH/81U=
54,-33,vpmTiVF5c3v4X9leOx3JekBy8HY=,zLylSyFThTW0yEUPxLyp5nH/81U=
49,-33,vpmTiVF5c3v4X9leOx3JekBy8HY=,zLylSyFThTW0yEUPxLyp5nH/81U=
55,-34,vpmTiVF5c3v4X9leOx3JekBy8HY=,zLylSyFThTW0yEUPxLyp5nH/81U=
49,-40,vpmTiVF5c3v4X9leOx3JekBy8HY=,zLylSyFThTW0yEUPxLyp5nH/81U=
63,-36,vpmTiVF5c3v4X9leOx3JekBy8HY=,pGF1xnvaZXH0xFzeKKX4wzIJURY=
56,-34,vpmTiVF5c3v4X9leOx3JekBy8HY=,pGF1xnvaZXH0xFzeKKX4wzIJURY=
62,-36,vpmTiVF5c3v4X9leOx3JekBy8HY=,pGF1xnvaZXH0xFzeKKX4wzIJURY=
49,-41,vpmTiVF5c3v4X9leOx3JekBy8HY=,zLylSyFThTW0yEUPxLyp5nH/81U=
53,-34,vpmTiVF5c3v4X9leOx3JekBy8HY=,zLylSyFThTW0yEUPxLyp5nH/81U=
51,-37,vpmTiVF5c3v4X9leOx3JekBy8HY=,zLylSyFThTW0yEUPxLyp5nH/81U=
48,-39,vpmTiVF5c3v4X9leOx3JekBy8HY=,zLylSyFThTW0yEUPxLyp5nH/81U=
51,-38,vpmTiVF5c3v4X9leOx3JekBy8HY=,zLylSyFThTW0yEUPxLyp5nH/81U=
63,-34,vpmTiVF5c3v4X9leOx3JekBy8HY=,pGF1xnvaZXH0xFzeKKX4wzIJURY=
48,-37,vpmTiVF5c3v4X9leOx3JekBy8HY=,zLylSyFThTW0yEUPxLyp5nH/81U=
52,-34,vpmTiVF5c3v4X9leOx3JekBy8HY=,zLylSyFThTW0yEUPxLyp5nH/81U=
50,-38,vpmTiVF5c3v4X9leOx3JekBy8HY=,zLylSyFThTW0yEUPxLyp5nH/81U=
59,-36,vpmTiVF5c3v4X9leOx3JekBy8HY=,pGF1xnvaZXH0xFzeKKX4wzIJURY=
55,-35,vpmTiVF5c3v4X9leOx3JekBy8HY=,zLylSyFThTW0yEUPxLyp5nH/81U=
51,-41,vpmTiVF5c3v4X9leOx3JekBy8HY=,zLylSyFThTW0yEUPxLyp5nH/81U=
50,-39,vpmTiVF5c3v4X9leOx3JekBy8HY=,zLylSyFThTW0yEUPxLyp5nH/81U=
55,-36,vpmTiVF5c3v4X9leOx3JekBy8HY=,zLylSyFThTW0yEUPxLyp5nH/81U=
56,-36,vpmTiVF5c3v4X9leOx3JekBy8HY=,pGF1xnvaZXH0xFzeKKX4wzIJURY=
49,-37,vpmTiVF5c3v4X9leOx3JekBy8HY=,zLylSyFThTW0yEUPxLyp5nH/81U=
53,-35,vpmTiVF5c3v4X9leOx3JekBy8HY=,zLylSyFThTW0yEUPxLyp5nH/81U=
54,-36,vpmTiVF5c3v4X9leOx3JekBy8HY=,zLylSyFThTW0yEUPxLyp5nH/81U=
53,-33,vpmTiVF5c3v4X9leOx3JekBy8HY=,zLylSyFThTW0yEUPxLyp5nH/81U=
50,-37,vpmTiVF5c3v4X9leOx3JekBy8HY=,zLylSyFThTW0yEUPxLyp5nH/81U=
52,-33,vpmTiVF5c3v4X9leOx3JekBy8HY=,zLylSyFThTW0yEUPxLyp5nH/81U=
54,-35,vpmTiVF5c3v4X9leOx3JekBy8HY=,zLylSyFThTW0yEUPxLyp5nH/81U=
49,-38,vpmTiVF5c3v4X9leOx3JekBy8HY=,zLylSyFThTW0yEUPxLyp5nH/81U=
53,-36,vpmTiVF5c3v4X9leOx3JekBy8HY=,zLylSyFThTW0yEUPxLyp5nH/81U=
48,-38,vpmTiVF5c3v4X9leOx3JekBy8HY=,zLylSyFThTW0yEUPxLyp5nH/81U=
52,-35,vpmTiVF5c3v4X9leOx3JekBy8HY=,zLylSyFThTW0yEUPxLyp5nH/81U=
52,-36,vpmTiVF5c3v4X9leOx3JekBy8HY=,zLylSyFThTW0yEUPxLyp5nH/81U=
52,-54,jIVO05FgVAky24lSociqm+QOTTY=,zLylSyFThTW0yEUPxLyp5nH/81U=
51,-54,jIVO05FgVAky24lSociqm+QOTTY=,zLylSyFThTW0yEUPxLyp5nH/81U=
50,-54,jIVO05FgVAky24lSociqm+QOTTY=,zLylSyFThTW0yEUPxLyp5nH/81U=
49,-54,jIVO05FgVAky24lSociqm+QOTTY=,zLylSyFThTW0yEUPxLyp5nH/81U=
54,-55,jIVO05FgVAky24lSociqm+QOTTY=,zLylSyFThTW0yEUPxLyp5nH/81U=
53,-55,jIVO05FgVAky24lSociqm+QOTTY=,zLylSyFThTW0yEUPxLyp5nH/81U=
51,-55,jIVO05FgVAky24lSociqm+QOTTY=,zLylSyFThTW0yEUPxLyp5nH/81U=
52,-55,jIVO05FgVAky24lSociqm+QOTTY=,zLylSyFThTW0yEUPxLyp5nH/81U=
50,-55,jIVO05FgVAky24lSociqm+QOTTY=,zLylSyFThTW0yEUPxLyp5nH/81U=
49,-55,jIVO05FgVAky24lSociqm+QOTTY=,zLylSyFThTW0yEUPxLyp5nH/81U=
54,-56,jIVO05FgVAky24lSociqm+QOTTY=,zLylSyFThTW0yEUPxLyp5nH/81U=
53,-56,jIVO05FgVAky24lSociqm+QOTTY=,zLylSyFThTW0yEUPxLyp5nH/81U=
52,-56,jIVO05FgVAky24lSociqm+QOTTY=,zLylSyFThTW0yEUPxLyp5nH/81U=
51,-56,jIVO05FgVAky24lSociqm+QOTTY=,zLylSyFThTW0yEUPxLyp5nH/81U=
50,-56,jIVO05FgVAky24lSociqm+QOTTY=,zLylSyFThTW0yEUPxLyp5nH/81U=
49,-56,jIVO05FgVAky24lSociqm+QOTTY=,zLylSyFThTW0yEUPxLyp5nH/81U=
54,-50,jIVO05FgVAky24lSociqm+QOTTY=,zLylSyFThTW0yEUPxLyp5nH/81U=
53,-50,jIVO05FgVAky24lSociqm+QOTTY=,zLylSyFThTW0yEUPxLyp5nH/81U=
52,-50,jIVO05FgVAky24lSociqm+QOTTY=,zLylSyFThTW0yEUPxLyp5nH/81U=
51,-50,jIVO05FgVAky24lSociqm+QOTTY=,zLylSyFThTW0yEUPxLyp5nH/81U=
54,-51,jIVO05FgVAky24lSociqm+QOTTY=,zLylSyFThTW0yEUPxLyp5nH/81U=
53,-51,jIVO05FgVAky24lSociqm+QOTTY=,zLylSyFThTW0yEUPxLyp5nH/81U=
52,-51,jIVO05FgVAky24lSociqm+QOTTY=,zLylSyFThTW0yEUPxLyp5nH/81U=
51,-51,jIVO05FgVAky24lSociqm+QOTTY=,zLylSyFThTW0yEUPxLyp5nH/81U=
50,-51,jIVO05FgVAky24lSociqm+QOTTY=,zLylSyFThTW0yEUPxLyp5nH/81U=
54,-52,jIVO05FgVAky24lSociqm+QOTTY=,zLylSyFThTW0yEUPxLyp5nH/81U=
52,-52,jIVO05FgVAky24lSociqm+QOTTY=,zLylSyFThTW0yEUPxLyp5nH/81U=
51,-52,jIVO05FgVAky24lSociqm+QOTTY=,zLylSyFThTW0yEUPxLyp5nH/81U=
50,-52,jIVO05FgVAky24lSociqm+QOTTY=,zLylSyFThTW0yEUPxLyp5nH/81U=
53,-52,jIVO05FgVAky24lSociqm+QOTTY=,zLylSyFThTW0yEUPxLyp5nH/81U=
49,-52,jIVO05FgVAky24lSociqm+QOTTY=,zLylSyFThTW0yEUPxLyp5nH/81U=
54,-53,jIVO05FgVAky24lSociqm+QOTTY=,zLylSyFThTW0yEUPxLyp5nH/81U=
53,-53,jIVO05FgVAky24lSociqm+QOTTY=,zLylSyFThTW0yEUPxLyp5nH/81U=
52,-53,jIVO05FgVAky24lSociqm+QOTTY=,zLylSyFThTW0yEUPxLyp5nH/81U=
51,-53,jIVO05FgVAky24lSociqm+QOTTY=,zLylSyFThTW0yEUPxLyp5nH/81U=
50,-53,jIVO05FgVAky24lSociqm+QOTTY=,zLylSyFThTW0yEUPxLyp5nH/81U=
49,-53,jIVO05FgVAky24lSociqm+QOTTY=,zLylSyFThTW0yEUPxLyp5nH/81U=
54,-54,jIVO05FgVAky24lSociqm+QOTTY=,zLylSyFThTW0yEUPxLyp5nH/81U=
60,-52,jIVO05FgVAky24lSociqm+QOTTY=,pGF1xnvaZXH0xFzeKKX4wzIJURY=
53,-54,jIVO05FgVAky24lSociqm+QOTTY=,zLylSyFThTW0yEUPxLyp5nH/81U=
55,-53,jIVO05FgVAky24lSociqm+QOTTY=,zLylSyFThTW0yEUPxLyp5nH/81U=
55,-54,jIVO05FgVAky24lSociqm+QOTTY=,zLylSyFThTW0yEUPxLyp5nH/81U=
56,-50,jIVO05FgVAky24lSociqm+QOTTY=,pGF1xnvaZXH0xFzeKKX4wzIJURY=
57,-51,jIVO05FgVAky24lSociqm+QOTTY=,pGF1xnvaZXH0xFzeKKX4wzIJURY=
58,-51,jIVO05FgVAky24lSociqm+QOTTY=,pGF1xnvaZXH0xFzeKKX4wzIJURY=
59,-51,jIVO05FgVAky24lSociqm+QOTTY=,pGF1xnvaZXH0xFzeKKX4wzIJURY=
56,-51,jIVO05FgVAky24lSociqm+QOTTY=,pGF1xnvaZXH0xFzeKKX4wzIJURY=
57,-50,jIVO05FgVAky24lSociqm+QOTTY=,pGF1xnvaZXH0xFzeKKX4wzIJURY=
58,-53,jIVO05FgVAky24lSociqm+QOTTY=,pGF1xnvaZXH0xFzeKKX4wzIJURY=
55,-52,jIVO05FgVAky24lSociqm+QOTTY=,zLylSyFThTW0yEUPxLyp5nH/81U=
56,-54,jIVO05FgVAky24lSociqm+QOTTY=,pGF1xnvaZXH0xFzeKKX4wzIJURY=
55,-51,jIVO05FgVAky24lSociqm+QOTTY=,zLylSyFThTW0yEUPxLyp5nH/81U=
58,-50,jIVO05FgVAky24lSociqm+QOTTY=,pGF1xnvaZXH0xFzeKKX4wzIJURY=
57,-54,jIVO05FgVAky24lSociqm+QOTTY=,pGF1xnvaZXH0xFzeKKX4wzIJURY=
60,-55,jIVO05FgVAky24lSociqm+QOTTY=,pGF1xnvaZXH0xFzeKKX4wzIJURY=
59,-50,jIVO05FgVAky24lSociqm+QOTTY=,pGF1xnvaZXH0xFzeKKX4wzIJURY=
60,-50,jIVO05FgVAky24lSociqm+QOTTY=,pGF1xnvaZXH0xFzeKKX4wzIJURY=
60,-51,jIVO05FgVAky24lSociqm+QOTTY=,pGF1xnvaZXH0xFzeKKX4wzIJURY=
59,-53,jIVO05FgVAky24lSociqm+QOTTY=,pGF1xnvaZXH0xFzeKKX4wzIJURY=
57,-55,jIVO05FgVAky24lSociqm+QOTTY=,pGF1xnvaZXH0xFzeKKX4wzIJURY=
58,-55,jIVO05FgVAky24lSociqm+QOTTY=,pGF1xnvaZXH0xFzeKKX4wzIJURY=
56,-55,jIVO05FgVAky24lSociqm+QOTTY=,pGF1xnvaZXH0xFzeKKX4wzIJURY=
55,-50,jIVO05FgVAky24lSociqm+QOTTY=,zLylSyFThTW0yEUPxLyp5nH/81U=
59,-55,jIVO05FgVAky24lSociqm+QOTTY=,pGF1xnvaZXH0xFzeKKX4wzIJURY=
61,-55,jIVO05FgVAky24lSociqm+QOTTY=,pGF1xnvaZXH0xFzeKKX4wzIJURY=
58,-54,jIVO05FgVAky24lSociqm+QOTTY=,pGF1xnvaZXH0xFzeKKX4wzIJURY=
60,-53,jIVO05FgVAky24lSociqm+QOTTY=,pGF1xnvaZXH0xFzeKKX4wzIJURY=
59,-54,jIVO05FgVAky24lSociqm+QOTTY=,pGF1xnvaZXH0xFzeKKX4wzIJURY=
60,-54,jIVO05FgVAky24lSociqm+QOTTY=,pGF1xnvaZXH0xFzeKKX4wzIJURY=
61,-54,jIVO05FgVAky24lSociqm+QOTTY=,pGF1xnvaZXH0xFzeKKX4wzIJURY=
56,-53,jIVO05FgVAky24lSociqm+QOTTY=,pGF1xnvaZXH0xFzeKKX4wzIJURY=
56,-52,jIVO05FgVAky24lSociqm+QOTTY=,pGF1xnvaZXH0xFzeKKX4wzIJURY=
57,-52,jIVO05FgVAky24lSociqm+QOTTY=,pGF1xnvaZXH0xFzeKKX4wzIJURY=
58,-52,jIVO05FgVAky24lSociqm+QOTTY=,pGF1xnvaZXH0xFzeKKX4wzIJURY=
55,-55,jIVO05FgVAky24lSociqm+QOTTY=,zLylSyFThTW0yEUPxLyp5nH/81U=
59,-52,jIVO05FgVAky24lSociqm+QOTTY=,pGF1xnvaZXH0xFzeKKX4wzIJURY=
57,-53,jIVO05FgVAky24lSociqm+QOTTY=,pGF1xnvaZXH0xFzeKKX4wzIJURY=
56,-62,jIVO05FgVAky24lSociqm+QOTTY=,pGF1xnvaZXH0xFzeKKX4wzIJURY=
58,-62,jIVO05FgVAky24lSociqm+QOTTY=,pGF1xnvaZXH0xFzeKKX4wzIJURY=
59,-62,jIVO05FgVAky24lSociqm+QOTTY=,pGF1xnvaZXH0xFzeKKX4wzIJURY=
57,-62,jIVO05FgVAky24lSociqm+QOTTY=,pGF1xnvaZXH0xFzeKKX4wzIJURY=
58,-56,jIVO05FgVAky24lSociqm+QOTTY=,pGF1xnvaZXH0xFzeKKX4wzIJURY=
56,-63,jIVO05FgVAky24lSociqm+QOTTY=,pGF1xnvaZXH0xFzeKKX4wzIJURY=
57,-61,jIVO05FgVAky24lSociqm+QOTTY=,pGF1xnvaZXH0xFzeKKX4wzIJURY=
56,-61,jIVO05FgVAky24lSociqm+QOTTY=,pGF1xnvaZXH0xFzeKKX4wzIJURY=
58,-61,jIVO05FgVAky24lSociqm+QOTTY=,pGF1xnvaZXH0xFzeKKX4wzIJURY=
59,-61,jIVO05FgVAky24lSociqm+QOTTY=,pGF1xnvaZXH0xFzeKKX4wzIJURY=
56,-60,jIVO05FgVAky24lSociqm+QOTTY=,pGF1xnvaZXH0xFzeKKX4wzIJURY=
57,-60,jIVO05FgVAky24lSociqm+QOTTY=,pGF1xnvaZXH0xFzeKKX4wzIJURY=
59,-60,jIVO05FgVAky24lSociqm+QOTTY=,pGF1xnvaZXH0xFzeKKX4wzIJURY=
58,-60,jIVO05FgVAky24lSociqm+QOTTY=,pGF1xnvaZXH0xFzeKKX4wzIJURY=
57,-63,jIVO05FgVAky24lSociqm+QOTTY=,pGF1xnvaZXH0xFzeKKX4wzIJURY=
60,-60,jIVO05FgVAky24lSociqm+QOTTY=,pGF1xnvaZXH0xFzeKKX4wzIJURY=
58,-63,jIVO05FgVAky24lSociqm+QOTTY=,pGF1xnvaZXH0xFzeKKX4wzIJURY=
57,-59,jIVO05FgVAky24lSociqm+QOTTY=,pGF1xnvaZXH0xFzeKKX4wzIJURY=
58,-59,jIVO05FgVAky24lSociqm+QOTTY=,pGF1xnvaZXH0xFzeKKX4wzIJURY=
56,-59,jIVO05FgVAky24lSociqm+QOTTY=,pGF1xnvaZXH0xFzeKKX4wzIJURY=
59,-59,jIVO05FgVAky24lSociqm+QOTTY=,pGF1xnvaZXH0xFzeKKX4wzIJURY=
60,-59,jIVO05FgVAky24lSociqm+QOTTY=,pGF1xnvaZXH0xFzeKKX4wzIJURY=
59,-56,jIVO05FgVAky24lSociqm+QOTTY=,pGF1xnvaZXH0xFzeKKX4wzIJURY=
60,-56,jIVO05FgVAky24lSociqm+QOTTY=,pGF1xnvaZXH0xFzeKKX4wzIJURY=
59,-63,jIVO05FgVAky24lSociqm+QOTTY=,pGF1xnvaZXH0xFzeKKX4wzIJURY=
56,-56,jIVO05FgVAky24lSociqm+QOTTY=,pGF1xnvaZXH0xFzeKKX4wzIJURY=
57,-58,jIVO05FgVAky24lSociqm+QOTTY=,pGF1xnvaZXH0xFzeKKX4wzIJURY=
56,-58,jIVO05FgVAky24lSociqm+QOTTY=,pGF1xnvaZXH0xFzeKKX4wzIJURY=
58,-58,jIVO05FgVAky24lSociqm+QOTTY=,pGF1xnvaZXH0xFzeKKX4wzIJURY=
59,-58,jIVO05FgVAky24lSociqm+QOTTY=,pGF1xnvaZXH0xFzeKKX4wzIJURY=
60,-58,jIVO05FgVAky24lSociqm+QOTTY=,pGF1xnvaZXH0xFzeKKX4wzIJURY=
56,-57,jIVO05FgVAky24lSociqm+QOTTY=,pGF1xnvaZXH0xFzeKKX4wzIJURY=
57,-57,jIVO05FgVAky24lSociqm+QOTTY=,pGF1xnvaZXH0xFzeKKX4wzIJURY=
59,-57,jIVO05FgVAky24lSociqm+QOTTY=,pGF1xnvaZXH0xFzeKKX4wzIJURY=
60,-57,jIVO05FgVAky24lSociqm+QOTTY=,pGF1xnvaZXH0xFzeKKX4wzIJURY=
58,-57,jIVO05FgVAky24lSociqm+QOTTY=,pGF1xnvaZXH0xFzeKKX4wzIJURY=
55,-56,jIVO05FgVAky24lSociqm+QOTTY=,zLylSyFThTW0yEUPxLyp5nH/81U=
57,-64,jIVO05FgVAky24lSociqm+QOTTY=,pGF1xnvaZXH0xFzeKKX4wzIJURY=
57,-56,jIVO05FgVAky24lSociqm+QOTTY=,pGF1xnvaZXH0xFzeKKX4wzIJURY=
58,-64,jIVO05FgVAky24lSociqm+QOTTY=,pGF1xnvaZXH0xFzeKKX4wzIJURY=
59,-64,jIVO05FgVAky24lSociqm+QOTTY=,pGF1xnvaZXH0xFzeKKX4wzIJURY=
57,-49,jIVO05FgVAky24lSociqm+QOTTY=,pGF1xnvaZXH0xFzeKKX4wzIJURY=
58,-49,jIVO05FgVAky24lSociqm+QOTTY=,pGF1xnvaZXH0xFzeKKX4wzIJURY=
59,-49,jIVO05FgVAky24lSociqm+QOTTY=,pGF1xnvaZXH0xFzeKKX4wzIJURY=
60,-49,jIVO05FgVAky24lSociqm+QOTTY=,pGF1xnvaZXH0xFzeKKX4wzIJURY=
62,-57,jIVO05FgVAky24lSociqm+QOTTY=,pGF1xnvaZXH0xFzeKKX4wzIJURY=
61,-57,jIVO05FgVAky24lSociqm+QOTTY=,pGF1xnvaZXH0xFzeKKX4wzIJURY=
62,-58,jIVO05FgVAky24lSociqm+QOTTY=,pGF1xnvaZXH0xFzeKKX4wzIJURY=
63,-58,jIVO05FgVAky24lSociqm+QOTTY=,pGF1xnvaZXH0xFzeKKX4wzIJURY=
61,-58,jIVO05FgVAky24lSociqm+QOTTY=,pGF1xnvaZXH0xFzeKKX4wzIJURY=
63,-56,jIVO05FgVAky24lSociqm+QOTTY=,pGF1xnvaZXH0xFzeKKX4wzIJURY=
63,-57,jIVO05FgVAky24lSociqm+QOTTY=,pGF1xnvaZXH0xFzeKKX4wzIJURY=
56,-49,jIVO05FgVAky24lSociqm+QOTTY=,pGF1xnvaZXH0xFzeKKX4wzIJURY=
52,-49,jIVO05FgVAky24lSociqm+QOTTY=,zLylSyFThTW0yEUPxLyp5nH/81U=
53,-49,jIVO05FgVAky24lSociqm+QOTTY=,zLylSyFThTW0yEUPxLyp5nH/81U=
54,-49,jIVO05FgVAky24lSociqm+QOTTY=,zLylSyFThTW0yEUPxLyp5nH/81U=
55,-49,jIVO05FgVAky24lSociqm+QOTTY=,zLylSyFThTW0yEUPxLyp5nH/81U=
61,-60,jIVO05FgVAky24lSociqm+QOTTY=,pGF1xnvaZXH0xFzeKKX4wzIJURY=
63,-59,jIVO05FgVAky24lSociqm+QOTTY=,pGF1xnvaZXH0xFzeKKX4wzIJURY=
63,-53,jIVO05FgVAky24lSociqm+QOTTY=,pGF1xnvaZXH0xFzeKKX4wzIJURY=
62,-59,jIVO05FgVAky24lSociqm+QOTTY=,pGF1xnvaZXH0xFzeKKX4wzIJURY=
62,-64,jIVO05FgVAky24lSociqm+QOTTY=,pGF1xnvaZXH0xFzeKKX4wzIJURY=
63,-54,jIVO05FgVAky24lSociqm+QOTTY=,pGF1xnvaZXH0xFzeKKX4wzIJURY=
61,-59,jIVO05FgVAky24lSociqm+QOTTY=,pGF1xnvaZXH0xFzeKKX4wzIJURY=
63,-55,jIVO05FgVAky24lSociqm+QOTTY=,pGF1xnvaZXH0xFzeKKX4wzIJURY=
61,-64,jIVO05FgVAky24lSociqm+QOTTY=,pGF1xnvaZXH0xFzeKKX4wzIJURY=
60,-64,jIVO05FgVAky24lSociqm+QOTTY=,pGF1xnvaZXH0xFzeKKX4wzIJURY=
63,-60,jIVO05FgVAky24lSociqm+QOTTY=,pGF1xnvaZXH0xFzeKKX4wzIJURY=
62,-56,jIVO05FgVAky24lSociqm+QOTTY=,pGF1xnvaZXH0xFzeKKX4wzIJURY=
63,-63,jIVO05FgVAky24lSociqm+QOTTY=,pGF1xnvaZXH0xFzeKKX4wzIJURY=
61,-56,jIVO05FgVAky24lSociqm+QOTTY=,pGF1xnvaZXH0xFzeKKX4wzIJURY=
62,-60,jIVO05FgVAky24lSociqm+QOTTY=,pGF1xnvaZXH0xFzeKKX4wzIJURY=
56,-64,jIVO05FgVAky24lSociqm+QOTTY=,pGF1xnvaZXH0xFzeKKX4wzIJURY=
62,-63,jIVO05FgVAky24lSociqm+QOTTY=,pGF1xnvaZXH0xFzeKKX4wzIJURY=
62,-53,jIVO05FgVAky24lSociqm+QOTTY=,pGF1xnvaZXH0xFzeKKX4wzIJURY=
60,-63,jIVO05FgVAky24lSociqm+QOTTY=,pGF1xnvaZXH0xFzeKKX4wzIJURY=
60,-62,jIVO05FgVAky24lSociqm+QOTTY=,pGF1xnvaZXH0xFzeKKX4wzIJURY=
60,-61,jIVO05FgVAky24lSociqm+QOTTY=,pGF1xnvaZXH0xFzeKKX4wzIJURY=
61,-52,jIVO05FgVAky24lSociqm+QOTTY=,pGF1xnvaZXH0xFzeKKX4wzIJURY=
62,-55,jIVO05FgVAky24lSociqm+QOTTY=,pGF1xnvaZXH0xFzeKKX4wzIJURY=
61,-51,jIVO05FgVAky24lSociqm+QOTTY=,pGF1xnvaZXH0xFzeKKX4wzIJURY=
61,-49,jIVO05FgVAky24lSociqm+QOTTY=,pGF1xnvaZXH0xFzeKKX4wzIJURY=
61,-50,jIVO05FgVAky24lSociqm+QOTTY=,pGF1xnvaZXH0xFzeKKX4wzIJURY=
61,-53,jIVO05FgVAky24lSociqm+QOTTY=,pGF1xnvaZXH0xFzeKKX4wzIJURY=
61,-62,jIVO05FgVAky24lSociqm+QOTTY=,pGF1xnvaZXH0xFzeKKX4wzIJURY=
62,-62,jIVO05FgVAky24lSociqm+QOTTY=,pGF1xnvaZXH0xFzeKKX4wzIJURY=
63,-62,jIVO05FgVAky24lSociqm+QOTTY=,pGF1xnvaZXH0xFzeKKX4wzIJURY=
48,-53,jIVO05FgVAky24lSociqm+QOTTY=,zLylSyFThTW0yEUPxLyp5nH/81U=
48,-52,jIVO05FgVAky24lSociqm+QOTTY=,zLylSyFThTW0yEUPxLyp5nH/81U=
48,-54,jIVO05FgVAky24lSociqm+QOTTY=,zLylSyFThTW0yEUPxLyp5nH/81U=
61,-61,jIVO05FgVAky24lSociqm+QOTTY=,pGF1xnvaZXH0xFzeKKX4wzIJURY=
48,-56,jIVO05FgVAky24lSociqm+QOTTY=,zLylSyFThTW0yEUPxLyp5nH/81U=
48,-55,jIVO05FgVAky24lSociqm+QOTTY=,zLylSyFThTW0yEUPxLyp5nH/81U=
63,-64,jIVO05FgVAky24lSociqm+QOTTY=,pGF1xnvaZXH0xFzeKKX4wzIJURY=
62,-54,jIVO05FgVAky24lSociqm+QOTTY=,pGF1xnvaZXH0xFzeKKX4wzIJURY=
63,-61,jIVO05FgVAky24lSociqm+QOTTY=,pGF1xnvaZXH0xFzeKKX4wzIJURY=
50,-50,jIVO05FgVAky24lSociqm+QOTTY=,zLylSyFThTW0yEUPxLyp5nH/81U=
49,-51,jIVO05FgVAky24lSociqm+QOTTY=,zLylSyFThTW0yEUPxLyp5nH/81U=
62,-61,jIVO05FgVAky24lSociqm+QOTTY=,pGF1xnvaZXH0xFzeKKX4wzIJURY=
62,-52,jIVO05FgVAky24lSociqm+QOTTY=,pGF1xnvaZXH0xFzeKKX4wzIJURY=
61,-63,jIVO05FgVAky24lSociqm+QOTTY=,pGF1xnvaZXH0xFzeKKX4wzIJURY=
51,-49,jIVO05FgVAky24lSociqm+QOTTY=,zLylSyFThTW0yEUPxLyp5nH/81U=
48,-51,jIVO05FgVAky24lSociqm+QOTTY=,zLylSyFThTW0yEUPxLyp5nH/81U=
62,-49,jIVO05FgVAky24lSociqm+QOTTY=,pGF1xnvaZXH0xFzeKKX4wzIJURY=
63,-49,jIVO05FgVAky24lSociqm+QOTTY=,pGF1xnvaZXH0xFzeKKX4wzIJURY=
63,-52,jIVO05FgVAky24lSociqm+QOTTY=,pGF1xnvaZXH0xFzeKKX4wzIJURY=
63,-51,jIVO05FgVAky24lSociqm+QOTTY=,pGF1xnvaZXH0xFzeKKX4wzIJURY=
49,-50,jIVO05FgVAky24lSociqm+QOTTY=,zLylSyFThTW0yEUPxLyp5nH/81U=
49,-49,jIVO05FgVAky24lSociqm+QOTTY=,zLylSyFThTW0yEUPxLyp5nH/81U=
48,-50,jIVO05FgVAky24lSociqm+QOTTY=,zLylSyFThTW0yEUPxLyp5nH/81U=
48,-49,jIVO05FgVAky24lSociqm+QOTTY=,zLylSyFThTW0yEUPxLyp5nH/81U=
50,-49,jIVO05FgVAky24lSociqm+QOTTY=,zLylSyFThTW0yEUPxLyp5nH/81U=
62,-50,jIVO05FgVAky24lSociqm+QOTTY=,pGF1xnvaZXH0xFzeKKX4wzIJURY=
63,-50,jIVO05FgVAky24lSociqm+QOTTY=,pGF1xnvaZXH0xFzeKKX4wzIJURY=
62,-51,jIVO05FgVAky24lSociqm+QOTTY=,pGF1xnvaZXH0xFzeKKX4wzIJURY=
41,-62,M4HUCjziFcGSx8zAs/14nVIzv9k=,zLylSyFThTW0yEUPxLyp5nH/81U=
46,-63,M4HUCjziFcGSx8zAs/14nVIzv9k=,zLylSyFThTW0yEUPxLyp5nH/81U=
45,-63,M4HUCjziFcGSx8zAs/14nVIzv9k=,zLylSyFThTW0yEUPxLyp5nH/81U=
46,-58,M4HUCjziFcGSx8zAs/14nVIzv9k=,zLylSyFThTW0yEUPxLyp5nH/81U=
45,-58,M4HUCjziFcGSx8zAs/14nVIzv9k=,zLylSyFThTW0yEUPxLyp5nH/81U=
44,-58,M4HUCjziFcGSx8zAs/14nVIzv9k=,zLylSyFThTW0yEUPxLyp5nH/81U=
43,-58,M4HUCjziFcGSx8zAs/14nVIzv9k=,zLylSyFThTW0yEUPxLyp5nH/81U=
42,-58,M4HUCjziFcGSx8zAs/14nVIzv9k=,zLylSyFThTW0yEUPxLyp5nH/81U=
44,-63,M4HUCjziFcGSx8zAs/14nVIzv9k=,zLylSyFThTW0yEUPxLyp5nH/81U=
41,-58,M4HUCjziFcGSx8zAs/14nVIzv9k=,zLylSyFThTW0yEUPxLyp5nH/81U=
46,-59,M4HUCjziFcGSx8zAs/14nVIzv9k=,zLylSyFThTW0yEUPxLyp5nH/81U=
45,-59,M4HUCjziFcGSx8zAs/14nVIzv9k=,zLylSyFThTW0yEUPxLyp5nH/81U=
44,-59,M4HUCjziFcGSx8zAs/14nVIzv9k=,zLylSyFThTW0yEUPxLyp5nH/81U=
43,-59,M4HUCjziFcGSx8zAs/14nVIzv9k=,zLylSyFThTW0yEUPxLyp5nH/81U=
42,-59,M4HUCjziFcGSx8zAs/14nVIzv9k=,zLylSyFThTW0yEUPxLyp5nH/81U=
41,-59,M4HUCjziFcGSx8zAs/14nVIzv9k=,zLylSyFThTW0yEUPxLyp5nH/81U=
43,-63,M4HUCjziFcGSx8zAs/14nVIzv9k=,zLylSyFThTW0yEUPxLyp5nH/81U=
46,-60,M4HUCjziFcGSx8zAs/14nVIzv9k=,zLylSyFThTW0yEUPxLyp5nH/81U=
45,-60,M4HUCjziFcGSx8zAs/14nVIzv9k=,zLylSyFThTW0yEUPxLyp5nH/81U=
42,-63,M4HUCjziFcGSx8zAs/14nVIzv9k=,zLylSyFThTW0yEUPxLyp5nH/81U=
44,-60,M4HUCjziFcGSx8zAs/14nVIzv9k=,zLylSyFThTW0yEUPxLyp5nH/81U=
43,-60,M4HUCjziFcGSx8zAs/14nVIzv9k=,zLylSyFThTW0yEUPxLyp5nH/81U=
41,-63,M4HUCjziFcGSx8zAs/14nVIzv9k=,zLylSyFThTW0yEUPxLyp5nH/81U=
42,-60,M4HUCjziFcGSx8zAs/14nVIzv9k=,zLylSyFThTW0yEUPxLyp5nH/81U=
46,-61,M4HUCjziFcGSx8zAs/14nVIzv9k=,zLylSyFThTW0yEUPxLyp5nH/81U=
41,-60,M4HUCjziFcGSx8zAs/14nVIzv9k=,zLylSyFThTW0yEUPxLyp5nH/81U=
45,-61,M4HUCjziFcGSx8zAs/14nVIzv9k=,zLylSyFThTW0yEUPxLyp5nH/81U=
44,-61,M4HUCjziFcGSx8zAs/14nVIzv9k=,zLylSyFThTW0yEUPxLyp5nH/81U=
43,-61,M4HUCjziFcGSx8zAs/14nVIzv9k=,zLylSyFThTW0yEUPxLyp5nH/81U=
42,-61,M4HUCjziFcGSx8zAs/14nVIzv9k=,zLylSyFThTW0yEUPxLyp5nH/81U=
41,-61,M4HUCjziFcGSx8zAs/14nVIzv9k=,zLylSyFThTW0yEUPxLyp5nH/81U=
46,-62,M4HUCjziFcGSx8zAs/14nVIzv9k=,zLylSyFThTW0yEUPxLyp5nH/81U=
45,-62,M4HUCjziFcGSx8zAs/14nVIzv9k=,zLylSyFThTW0yEUPxLyp5nH/81U=
44,-62,M4HUCjziFcGSx8zAs/14nVIzv9k=,zLylSyFThTW0yEUPxLyp5nH/81U=
43,-62,M4HUCjziFcGSx8zAs/14nVIzv9k=,zLylSyFThTW0yEUPxLyp5nH/81U=
42,-62,M4HUCjziFcGSx8zAs/14nVIzv9k=,zLylSyFThTW0yEUPxLyp5nH/81U=
47,-62,M4HUCjziFcGSx8zAs/14nVIzv9k=,zLylSyFThTW0yEUPxLyp5nH/81U=
47,-61,M4HUCjziFcGSx8zAs/14nVIzv9k=,zLylSyFThTW0yEUPxLyp5nH/81U=
47,-60,M4HUCjziFcGSx8zAs/14nVIzv9k=,zLylSyFThTW0yEUPxLyp5nH/81U=
47,-59,M4HUCjziFcGSx8zAs/14nVIzv9k=,zLylSyFThTW0yEUPxLyp5nH/81U=
47,-58,M4HUCjziFcGSx8zAs/14nVIzv9k=,zLylSyFThTW0yEUPxLyp5nH/81U=
47,-63,M4HUCjziFcGSx8zAs/14nVIzv9k=,zLylSyFThTW0yEUPxLyp5nH/81U=
40,-62,M4HUCjziFcGSx8zAs/14nVIzv9k=,zLylSyFThTW0yEUPxLyp5nH/81U=
37,-62,M4HUCjziFcGSx8zAs/14nVIzv9k=,zLylSyFThTW0yEUPxLyp5nH/81U=
36,-62,M4HUCjziFcGSx8zAs/14nVIzv9k=,zLylSyFThTW0yEUPxLyp5nH/81U=
39,-62,M4HUCjziFcGSx8zAs/14nVIzv9k=,zLylSyFThTW0yEUPxLyp5nH/81U=
33,-61,M4HUCjziFcGSx8zAs/14nVIzv9k=,zLylSyFThTW0yEUPxLyp5nH/81U=
40,-61,M4HUCjziFcGSx8zAs/14nVIzv9k=,zLylSyFThTW0yEUPxLyp5nH/81U=
38,-62,M4HUCjziFcGSx8zAs/14nVIzv9k=,zLylSyFThTW0yEUPxLyp5nH/81U=
34,-61,M4HUCjziFcGSx8zAs/14nVIzv9k=,zLylSyFThTW0yEUPxLyp5nH/81U=
35,-61,M4HUCjziFcGSx8zAs/14nVIzv9k=,zLylSyFThTW0yEUPxLyp5nH/81U=
36,-61,M4HUCjziFcGSx8zAs/14nVIzv9k=,zLylSyFThTW0yEUPxLyp5nH/81U=
40,-63,M4HUCjziFcGSx8zAs/14nVIzv9k=,zLylSyFThTW0yEUPxLyp5nH/81U=
37,-61,M4HUCjziFcGSx8zAs/14nVIzv9k=,zLylSyFThTW0yEUPxLyp5nH/81U=
40,-60,M4HUCjziFcGSx8zAs/14nVIzv9k=,zLylSyFThTW0yEUPxLyp5nH/81U=
38,-61,M4HUCjziFcGSx8zAs/14nVIzv9k=,zLylSyFThTW0yEUPxLyp5nH/81U=
39,-61,M4HUCjziFcGSx8zAs/14nVIzv9k=,zLylSyFThTW0yEUPxLyp5nH/81U=
33,-60,M4HUCjziFcGSx8zAs/14nVIzv9k=,zLylSyFThTW0yEUPxLyp5nH/81U=
35,-60,M4HUCjziFcGSx8zAs/14nVIzv9k=,zLylSyFThTW0yEUPxLyp5nH/81U=
34,-60,M4HUCjziFcGSx8zAs/14nVIzv9k=,zLylSyFThTW0yEUPxLyp5nH/81U=
36,-60,M4HUCjziFcGSx8zAs/14nVIzv9k=,zLylSyFThTW0yEUPxLyp5nH/81U=
37,-60,M4HUCjziFcGSx8zAs/14nVIzv9k=,zLylSyFThTW0yEUPxLyp5nH/81U=
38,-60,M4HUCjziFcGSx8zAs/14nVIzv9k=,zLylSyFThTW0yEUPxLyp5nH/81U=
39,-60,M4HUCjziFcGSx8zAs/14nVIzv9k=,zLylSyFThTW0yEUPxLyp5nH/81U=
33,-59,M4HUCjziFcGSx8zAs/14nVIzv9k=,zLylSyFThTW0yEUPxLyp5nH/81U=
34,-59,M4HUCjziFcGSx8zAs/14nVIzv9k=,zLylSyFThTW0yEUPxLyp5nH/81U=
36,-59,M4HUCjziFcGSx8zAs/14nVIzv9k=,zLylSyFThTW0yEUPxLyp5nH/81U=
35,-59,M4HUCjziFcGSx8zAs/14nVIzv9k=,zLylSyFThTW0yEUPxLyp5nH/81U=
40,-58,M4HUCjziFcGSx8zAs/14nVIzv9k=,zLylSyFThTW0yEUPxLyp5nH/81U=
37,-59,M4HUCjziFcGSx8zAs/14nVIzv9k=,zLylSyFThTW0yEUPxLyp5nH/81U=
40,-59,M4HUCjziFcGSx8zAs/14nVIzv9k=,zLylSyFThTW0yEUPxLyp5nH/81U=
39,-59,M4HUCjziFcGSx8zAs/14nVIzv9k=,zLylSyFThTW0yEUPxLyp5nH/81U=
38,-59,M4HUCjziFcGSx8zAs/14nVIzv9k=,zLylSyFThTW0yEUPxLyp5nH/81U=
34,-58,M4HUCjziFcGSx8zAs/14nVIzv9k=,zLylSyFThTW0yEUPxLyp5nH/81U=
33,-58,M4HUCjziFcGSx8zAs/14nVIzv9k=,zLylSyFThTW0yEUPxLyp5nH/81U=
35,-58,M4HUCjziFcGSx8zAs/14nVIzv9k=,zLylSyFThTW0yEUPxLyp5nH/81U=
36,-58,M4HUCjziFcGSx8zAs/14nVIzv9k=,zLylSyFThTW0yEUPxLyp5nH/81U=
38,-58,M4HUCjziFcGSx8zAs/14nVIzv9k=,zLylSyFThTW0yEUPxLyp5nH/81U=
39,-58,M4HUCjziFcGSx8zAs/14nVIzv9k=,zLylSyFThTW0yEUPxLyp5nH/81U=
37,-58,M4HUCjziFcGSx8zAs/14nVIzv9k=,zLylSyFThTW0yEUPxLyp5nH/81U=
33,-63,M4HUCjziFcGSx8zAs/14nVIzv9k=,zLylSyFThTW0yEUPxLyp5nH/81U=
34,-63,M4HUCjziFcGSx8zAs/14nVIzv9k=,zLylSyFThTW0yEUPxLyp5nH/81U=
35,-63,M4HUCjziFcGSx8zAs/14nVIzv9k=,zLylSyFThTW0yEUPxLyp5nH/81U=
36,-63,M4HUCjziFcGSx8zAs/14nVIzv9k=,zLylSyFThTW0yEUPxLyp5nH/81U=
37,-63,M4HUCjziFcGSx8zAs/14nVIzv9k=,zLylSyFThTW0yEUPxLyp5nH/81U=
38,-63,M4HUCjziFcGSx8zAs/14nVIzv9k=,zLylSyFThTW0yEUPxLyp5nH/81U=
39,-63,M4HUCjziFcGSx8zAs/14nVIzv9k=,zLylSyFThTW0yEUPxLyp5nH/81U=
33,-62,M4HUCjziFcGSx8zAs/14nVIzv9k=,zLylSyFThTW0yEUPxLyp5nH/81U=
35,-62,M4HUCjziFcGSx8zAs/14nVIzv9k=,zLylSyFThTW0yEUPxLyp5nH/81U=
44,-56,M4HUCjziFcGSx8zAs/14nVIzv9k=,zLylSyFThTW0yEUPxLyp5nH/81U=
34,-62,M4HUCjziFcGSx8zAs/14nVIzv9k=,zLylSyFThTW0yEUPxLyp5nH/81U=
47,-52,M4HUCjziFcGSx8zAs/14nVIzv9k=,zLylSyFThTW0yEUPxLyp5nH/81U=
32,-61,M4HUCjziFcGSx8zAs/14nVIzv9k=,zLylSyFThTW0yEUPxLyp5nH/81U=
32,-60,M4HUCjziFcGSx8zAs/14nVIzv9k=,zLylSyFThTW0yEUPxLyp5nH/81U=
32,-58,M4HUCjziFcGSx8zAs/14nVIzv9k=,zLylSyFThTW0yEUPxLyp5nH/81U=
32,-62,M4HUCjziFcGSx8zAs/14nVIzv9k=,zLylSyFThTW0yEUPxLyp5nH/81U=
47,-57,M4HUCjziFcGSx8zAs/14nVIzv9k=,zLylSyFThTW0yEUPxLyp5nH/81U=
44,-53,M4HUCjziFcGSx8zAs/14nVIzv9k=,zLylSyFThTW0yEUPxLyp5nH/81U=
47,-54,M4HUCjziFcGSx8zAs/14nVIzv9k=,zLylSyFThTW0yEUPxLyp5nH/81U=
32,-59,M4HUCjziFcGSx8zAs/14nVIzv9k=,zLylSyFThTW0yEUPxLyp5nH/81U=
45,-56,M4HUCjziFcGSx8zAs/14nVIzv9k=,zLylSyFThTW0yEUPxLyp5nH/81U=
45,-55,M4HUCjziFcGSx8zAs/14nVIzv9k=,zLylSyFThTW0yEUPxLyp5nH/81U=
45,-54,M4HUCjziFcGSx8zAs/14nVIzv9k=,zLylSyFThTW0yEUPxLyp5nH/81U=
45,-53,M4HUCjziFcGSx8zAs/14nVIzv9k=,zLylSyFThTW0yEUPxLyp5nH/81U=
46,-56,M4HUCjziFcGSx8zAs/14nVIzv9k=,zLylSyFThTW0yEUPxLyp5nH/81U=
47,-56,M4HUCjziFcGSx8zAs/14nVIzv9k=,zLylSyFThTW0yEUPxLyp5nH/81U=
46,-53,M4HUCjziFcGSx8zAs/14nVIzv9k=,zLylSyFThTW0yEUPxLyp5nH/81U=
46,-54,M4HUCjziFcGSx8zAs/14nVIzv9k=,zLylSyFThTW0yEUPxLyp5nH/81U=
46,-55,M4HUCjziFcGSx8zAs/14nVIzv9k=,zLylSyFThTW0yEUPxLyp5nH/81U=
41,-55,M4HUCjziFcGSx8zAs/14nVIzv9k=,zLylSyFThTW0yEUPxLyp5nH/81U=
42,-55,M4HUCjziFcGSx8zAs/14nVIzv9k=,zLylSyFThTW0yEUPxLyp5nH/81U=
42,-56,M4HUCjziFcGSx8zAs/14nVIzv9k=,zLylSyFThTW0yEUPxLyp5nH/81U=
43,-55,M4HUCjziFcGSx8zAs/14nVIzv9k=,zLylSyFThTW0yEUPxLyp5nH/81U=
41,-57,M4HUCjziFcGSx8zAs/14nVIzv9k=,zLylSyFThTW0yEUPxLyp5nH/81U=
47,-53,M4HUCjziFcGSx8zAs/14nVIzv9k=,zLylSyFThTW0yEUPxLyp5nH/81U=
42,-57,M4HUCjziFcGSx8zAs/14nVIzv9k=,zLylSyFThTW0yEUPxLyp5nH/81U=
47,-55,M4HUCjziFcGSx8zAs/14nVIzv9k=,zLylSyFThTW0yEUPxLyp5nH/81U=
43,-57,M4HUCjziFcGSx8zAs/14nVIzv9k=,zLylSyFThTW0yEUPxLyp5nH/81U=
45,-57,M4HUCjziFcGSx8zAs/14nVIzv9k=,zLylSyFThTW0yEUPxLyp5nH/81U=
44,-57,M4HUCjziFcGSx8zAs/14nVIzv9k=,zLylSyFThTW0yEUPxLyp5nH/81U=
41,-56,M4HUCjziFcGSx8zAs/14nVIzv9k=,zLylSyFThTW0yEUPxLyp5nH/81U=
32,-63,M4HUCjziFcGSx8zAs/14nVIzv9k=,zLylSyFThTW0yEUPxLyp5nH/81U=
44,-55,M4HUCjziFcGSx8zAs/14nVIzv9k=,zLylSyFThTW0yEUPxLyp5nH/81U=
43,-56,M4HUCjziFcGSx8zAs/14nVIzv9k=,zLylSyFThTW0yEUPxLyp5nH/81U=
43,-54,M4HUCjziFcGSx8zAs/14nVIzv9k=,zLylSyFThTW0yEUPxLyp5nH/81U=
46,-57,M4HUCjziFcGSx8zAs/14nVIzv9k=,zLylSyFThTW0yEUPxLyp5nH/81U=
44,-54,M4HUCjziFcGSx8zAs/14nVIzv9k=,zLylSyFThTW0yEUPxLyp5nH/81U=
41,-64,M4HUCjziFcGSx8zAs/14nVIzv9k=,zLylSyFThTW0yEUPxLyp5nH/81U=
42,-64,M4HUCjziFcGSx8zAs/14nVIzv9k=,zLylSyFThTW0yEUPxLyp5nH/81U=
45,-64,M4HUCjziFcGSx8zAs/14nVIzv9k=,zLylSyFThTW0yEUPxLyp5nH/81U=
46,-64,M4HUCjziFcGSx8zAs/14nVIzv9k=,zLylSyFThTW0yEUPxLyp5nH/81U=
44,-64,M4HUCjziFcGSx8zAs/14nVIzv9k=,zLylSyFThTW0yEUPxLyp5nH/81U=
47,-64,M4HUCjziFcGSx8zAs/14nVIzv9k=,zLylSyFThTW0yEUPxLyp5nH/81U=
33,-64,M4HUCjziFcGSx8zAs/14nVIzv9k=,zLylSyFThTW0yEUPxLyp5nH/81U=
34,-64,M4HUCjziFcGSx8zAs/14nVIzv9k=,zLylSyFThTW0yEUPxLyp5nH/81U=
40,-64,M4HUCjziFcGSx8zAs/14nVIzv9k=,zLylSyFThTW0yEUPxLyp5nH/81U=
35,-64,M4HUCjziFcGSx8zAs/14nVIzv9k=,zLylSyFThTW0yEUPxLyp5nH/81U=
43,-64,M4HUCjziFcGSx8zAs/14nVIzv9k=,zLylSyFThTW0yEUPxLyp5nH/81U=
36,-64,M4HUCjziFcGSx8zAs/14nVIzv9k=,zLylSyFThTW0yEUPxLyp5nH/81U=
38,-64,M4HUCjziFcGSx8zAs/14nVIzv9k=,zLylSyFThTW0yEUPxLyp5nH/81U=
32,-64,M4HUCjziFcGSx8zAs/14nVIzv9k=,zLylSyFThTW0yEUPxLyp5nH/81U=
37,-64,M4HUCjziFcGSx8zAs/14nVIzv9k=,zLylSyFThTW0yEUPxLyp5nH/81U=
39,-64,M4HUCjziFcGSx8zAs/14nVIzv9k=,zLylSyFThTW0yEUPxLyp5nH/81U=
39,-57,M4HUCjziFcGSx8zAs/14nVIzv9k=,zLylSyFThTW0yEUPxLyp5nH/81U=
38,-57,M4HUCjziFcGSx8zAs/14nVIzv9k=,zLylSyFThTW0yEUPxLyp5nH/81U=
37,-57,M4HUCjziFcGSx8zAs/14nVIzv9k=,zLylSyFThTW0yEUPxLyp5nH/81U=
32,-57,M4HUCjziFcGSx8zAs/14nVIzv9k=,zLylSyFThTW0yEUPxLyp5nH/81U=
36,-57,M4HUCjziFcGSx8zAs/14nVIzv9k=,zLylSyFThTW0yEUPxLyp5nH/81U=
40,-56,M4HUCjziFcGSx8zAs/14nVIzv9k=,zLylSyFThTW0yEUPxLyp5nH/81U=
40,-57,M4HUCjziFcGSx8zAs/14nVIzv9k=,zLylSyFThTW0yEUPxLyp5nH/81U=
40,-55,M4HUCjziFcGSx8zAs/14nVIzv9k=,zLylSyFThTW0yEUPxLyp5nH/81U=
40,-53,M4HUCjziFcGSx8zAs/14nVIzv9k=,zLylSyFThTW0yEUPxLyp5nH/81U=
40,-54,M4HUCjziFcGSx8zAs/14nVIzv9k=,zLylSyFThTW0yEUPxLyp5nH/81U=
39,-56,M4HUCjziFcGSx8zAs/14nVIzv9k=,zLylSyFThTW0yEUPxLyp5nH/81U=
40,-52,M4HUCjziFcGSx8zAs/14nVIzv9k=,zLylSyFThTW0yEUPxLyp5nH/81U=
40,-50,M4HUCjziFcGSx8zAs/14nVIzv9k=,zLylSyFThTW0yEUPxLyp5nH/81U=
35,-53,M4HUCjziFcGSx8zAs/14nVIzv9k=,zLylSyFThTW0yEUPxLyp5nH/81U=
33,-53,M4HUCjziFcGSx8zAs/14nVIzv9k=,zLylSyFThTW0yEUPxLyp5nH/81U=
36,-53,M4HUCjziFcGSx8zAs/14nVIzv9k=,zLylSyFThTW0yEUPxLyp5nH/81U=
37,-54,M4HUCjziFcGSx8zAs/14nVIzv9k=,zLylSyFThTW0yEUPxLyp5nH/81U=
32,-55,M4HUCjziFcGSx8zAs/14nVIzv9k=,zLylSyFThTW0yEUPxLyp5nH/81U=
34,-55,M4HUCjziFcGSx8zAs/14nVIzv9k=,zLylSyFThTW0yEUPxLyp5nH/81U=
35,-55,M4HUCjziFcGSx8zAs/14nVIzv9k=,zLylSyFThTW0yEUPxLyp5nH/81U=
40,-51,M4HUCjziFcGSx8zAs/14nVIzv9k=,zLylSyFThTW0yEUPxLyp5nH/81U=
36,-54,M4HUCjziFcGSx8zAs/14nVIzv9k=,zLylSyFThTW0yEUPxLyp5nH/81U=
39,-54,M4HUCjziFcGSx8zAs/14nVIzv9k=,zLylSyFThTW0yEUPxLyp5nH/81U=
34,-53,M4HUCjziFcGSx8zAs/14nVIzv9k=,zLylSyFThTW0yEUPxLyp5nH/81U=
38,-54,M4HUCjziFcGSx8zAs/14nVIzv9k=,zLylSyFThTW0yEUPxLyp5nH/81U=
47,-51,M4HUCjziFcGSx8zAs/14nVIzv9k=,zLylSyFThTW0yEUPxLyp5nH/81U=
46,-52,M4HUCjziFcGSx8zAs/14nVIzv9k=,zLylSyFThTW0yEUPxLyp5nH/81U=
36,-49,M4HUCjziFcGSx8zAs/14nVIzv9k=,zLylSyFThTW0yEUPxLyp5nH/81U=
38,-56,M4HUCjziFcGSx8zAs/14nVIzv9k=,zLylSyFThTW0yEUPxLyp5nH/81U=
46,-51,M4HUCjziFcGSx8zAs/14nVIzv9k=,zLylSyFThTW0yEUPxLyp5nH/81U=
46,-49,M4HUCjziFcGSx8zAs/14nVIzv9k=,zLylSyFThTW0yEUPxLyp5nH/81U=
47,-49,M4HUCjziFcGSx8zAs/14nVIzv9k=,zLylSyFThTW0yEUPxLyp5nH/81U=
44,-52,M4HUCjziFcGSx8zAs/14nVIzv9k=,zLylSyFThTW0yEUPxLyp5nH/81U=
37,-49,M4HUCjziFcGSx8zAs/14nVIzv9k=,zLylSyFThTW0yEUPxLyp5nH/81U=
34,-49,M4HUCjziFcGSx8zAs/14nVIzv9k=,zLylSyFThTW0yEUPxLyp5nH/81U=
39,-49,M4HUCjziFcGSx8zAs/14nVIzv9k=,zLylSyFThTW0yEUPxLyp5nH/81U=
37,-53,M4HUCjziFcGSx8zAs/14nVIzv9k=,zLylSyFThTW0yEUPxLyp5nH/81U=
36,-55,M4HUCjziFcGSx8zAs/14nVIzv9k=,zLylSyFThTW0yEUPxLyp5nH/81U=
38,-49,M4HUCjziFcGSx8zAs/14nVIzv9k=,zLylSyFThTW0yEUPxLyp5nH/81U=
32,-53,M4HUCjziFcGSx8zAs/14nVIzv9k=,zLylSyFThTW0yEUPxLyp5nH/81U=
45,-52,M4HUCjziFcGSx8zAs/14nVIzv9k=,zLylSyFThTW0yEUPxLyp5nH/81U=
32,-52,M4HUCjziFcGSx8zAs/14nVIzv9k=,zLylSyFThTW0yEUPxLyp5nH/81U=
33,-55,M4HUCjziFcGSx8zAs/14nVIzv9k=,zLylSyFThTW0yEUPxLyp5nH/81U=
40,-49,M4HUCjziFcGSx8zAs/14nVIzv9k=,zLylSyFThTW0yEUPxLyp5nH/81U=
45,-51,M4HUCjziFcGSx8zAs/14nVIzv9k=,zLylSyFThTW0yEUPxLyp5nH/81U=
47,-50,M4HUCjziFcGSx8zAs/14nVIzv9k=,zLylSyFThTW0yEUPxLyp5nH/81U=
32,-49,M4HUCjziFcGSx8zAs/14nVIzv9k=,zLylSyFThTW0yEUPxLyp5nH/81U=
37,-56,M4HUCjziFcGSx8zAs/14nVIzv9k=,zLylSyFThTW0yEUPxLyp5nH/81U=
39,-50,M4HUCjziFcGSx8zAs/14nVIzv9k=,zLylSyFThTW0yEUPxLyp5nH/81U=
36,-56,M4HUCjziFcGSx8zAs/14nVIzv9k=,zLylSyFThTW0yEUPxLyp5nH/81U=
38,-50,M4HUCjziFcGSx8zAs/14nVIzv9k=,zLylSyFThTW0yEUPxLyp5nH/81U=
35,-49,M4HUCjziFcGSx8zAs/14nVIzv9k=,zLylSyFThTW0yEUPxLyp5nH/81U=
34,-50,M4HUCjziFcGSx8zAs/14nVIzv9k=,zLylSyFThTW0yEUPxLyp5nH/81U=
33,-49,M4HUCjziFcGSx8zAs/14nVIzv9k=,zLylSyFThTW0yEUPxLyp5nH/81U=
35,-50,M4HUCjziFcGSx8zAs/14nVIzv9k=,zLylSyFThTW0yEUPxLyp5nH/81U=
35,-54,M4HUCjziFcGSx8zAs/14nVIzv9k=,zLylSyFThTW0yEUPxLyp5nH/81U=
38,-53,M4HUCjziFcGSx8zAs/14nVIzv9k=,zLylSyFThTW0yEUPxLyp5nH/81U=
44,-51,M4HUCjziFcGSx8zAs/14nVIzv9k=,zLylSyFThTW0yEUPxLyp5nH/81U=
37,-50,M4HUCjziFcGSx8zAs/14nVIzv9k=,zLylSyFThTW0yEUPxLyp5nH/81U=
44,-50,M4HUCjziFcGSx8zAs/14nVIzv9k=,zLylSyFThTW0yEUPxLyp5nH/81U=
32,-50,M4HUCjziFcGSx8zAs/14nVIzv9k=,zLylSyFThTW0yEUPxLyp5nH/81U=
33,-52,M4HUCjziFcGSx8zAs/14nVIzv9k=,zLylSyFThTW0yEUPxLyp5nH/81U=
34,-51,M4HUCjziFcGSx8zAs/14nVIzv9k=,zLylSyFThTW0yEUPxLyp5nH/81U=
33,-51,M4HUCjziFcGSx8zAs/14nVIzv9k=,zLylSyFThTW0yEUPxLyp5nH/81U=
35,-51,M4HUCjziFcGSx8zAs/14nVIzv9k=,zLylSyFThTW0yEUPxLyp5nH/81U=
36,-50,M4HUCjziFcGSx8zAs/14nVIzv9k=,zLylSyFThTW0yEUPxLyp5nH/81U=
45,-49,M4HUCjziFcGSx8zAs/14nVIzv9k=,zLylSyFThTW0yEUPxLyp5nH/81U=
39,-51,M4HUCjziFcGSx8zAs/14nVIzv9k=,zLylSyFThTW0yEUPxLyp5nH/81U=
35,-56,M4HUCjziFcGSx8zAs/14nVIzv9k=,zLylSyFThTW0yEUPxLyp5nH/81U=
35,-57,M4HUCjziFcGSx8zAs/14nVIzv9k=,zLylSyFThTW0yEUPxLyp5nH/81U=
32,-51,M4HUCjziFcGSx8zAs/14nVIzv9k=,zLylSyFThTW0yEUPxLyp5nH/81U=
34,-57,M4HUCjziFcGSx8zAs/14nVIzv9k=,zLylSyFThTW0yEUPxLyp5nH/81U=
34,-52,M4HUCjziFcGSx8zAs/14nVIzv9k=,zLylSyFThTW0yEUPxLyp5nH/81U=
33,-57,M4HUCjziFcGSx8zAs/14nVIzv9k=,zLylSyFThTW0yEUPxLyp5nH/81U=
33,-50,M4HUCjziFcGSx8zAs/14nVIzv9k=,zLylSyFThTW0yEUPxLyp5nH/81U=
38,-51,M4HUCjziFcGSx8zAs/14nVIzv9k=,zLylSyFThTW0yEUPxLyp5nH/81U=
35,-52,M4HUCjziFcGSx8zAs/14nVIzv9k=,zLylSyFThTW0yEUPxLyp5nH/81U=
34,-56,M4HUCjziFcGSx8zAs/14nVIzv9k=,zLylSyFThTW0yEUPxLyp5nH/81U=
46,-50,M4HUCjziFcGSx8zAs/14nVIzv9k=,zLylSyFThTW0yEUPxLyp5nH/81U=
45,-50,M4HUCjziFcGSx8zAs/14nVIzv9k=,zLylSyFThTW0yEUPxLyp5nH/81U=
37,-51,M4HUCjziFcGSx8zAs/14nVIzv9k=,zLylSyFThTW0yEUPxLyp5nH/81U=
44,-49,M4HUCjziFcGSx8zAs/14nVIzv9k=,zLylSyFThTW0yEUPxLyp5nH/81U=
43,-53,M4HUCjziFcGSx8zAs/14nVIzv9k=,zLylSyFThTW0yEUPxLyp5nH/81U=
39,-53,M4HUCjziFcGSx8zAs/14nVIzv9k=,zLylSyFThTW0yEUPxLyp5nH/81U=
36,-51,M4HUCjziFcGSx8zAs/14nVIzv9k=,zLylSyFThTW0yEUPxLyp5nH/81U=
43,-49,M4HUCjziFcGSx8zAs/14nVIzv9k=,zLylSyFThTW0yEUPxLyp5nH/81U=
42,-53,M4HUCjziFcGSx8zAs/14nVIzv9k=,zLylSyFThTW0yEUPxLyp5nH/81U=
34,-54,M4HUCjziFcGSx8zAs/14nVIzv9k=,zLylSyFThTW0yEUPxLyp5nH/81U=
33,-54,M4HUCjziFcGSx8zAs/14nVIzv9k=,zLylSyFThTW0yEUPxLyp5nH/81U=
32,-54,M4HUCjziFcGSx8zAs/14nVIzv9k=,zLylSyFThTW0yEUPxLyp5nH/81U=
33,-56,M4HUCjziFcGSx8zAs/14nVIzv9k=,zLylSyFThTW0yEUPxLyp5nH/81U=
42,-54,M4HUCjziFcGSx8zAs/14nVIzv9k=,zLylSyFThTW0yEUPxLyp5nH/81U=
37,-55,M4HUCjziFcGSx8zAs/14nVIzv9k=,zLylSyFThTW0yEUPxLyp5nH/81U=
38,-55,M4HUCjziFcGSx8zAs/14nVIzv9k=,zLylSyFThTW0yEUPxLyp5nH/81U=
41,-52,M4HUCjziFcGSx8zAs/14nVIzv9k=,zLylSyFThTW0yEUPxLyp5nH/81U=
38,-52,M4HUCjziFcGSx8zAs/14nVIzv9k=,zLylSyFThTW0yEUPxLyp5nH/81U=
37,-52,M4HUCjziFcGSx8zAs/14nVIzv9k=,zLylSyFThTW0yEUPxLyp5nH/81U=
42,-52,M4HUCjziFcGSx8zAs/14nVIzv9k=,zLylSyFThTW0yEUPxLyp5nH/81U=
42,-49,M4HUCjziFcGSx8zAs/14nVIzv9k=,zLylSyFThTW0yEUPxLyp5nH/81U=
42,-50,M4HUCjziFcGSx8zAs/14nVIzv9k=,zLylSyFThTW0yEUPxLyp5nH/81U=
43,-52,M4HUCjziFcGSx8zAs/14nVIzv9k=,zLylSyFThTW0yEUPxLyp5nH/81U=
39,-52,M4HUCjziFcGSx8zAs/14nVIzv9k=,zLylSyFThTW0yEUPxLyp5nH/81U=
39,-55,M4HUCjziFcGSx8zAs/14nVIzv9k=,zLylSyFThTW0yEUPxLyp5nH/81U=
41,-50,M4HUCjziFcGSx8zAs/14nVIzv9k=,zLylSyFThTW0yEUPxLyp5nH/81U=
32,-56,M4HUCjziFcGSx8zAs/14nVIzv9k=,zLylSyFThTW0yEUPxLyp5nH/81U=
41,-54,M4HUCjziFcGSx8zAs/14nVIzv9k=,zLylSyFThTW0yEUPxLyp5nH/81U=
41,-49,M4HUCjziFcGSx8zAs/14nVIzv9k=,zLylSyFThTW0yEUPxLyp5nH/81U=
41,-53,M4HUCjziFcGSx8zAs/14nVIzv9k=,zLylSyFThTW0yEUPxLyp5nH/81U=
42,-51,M4HUCjziFcGSx8zAs/14nVIzv9k=,zLylSyFThTW0yEUPxLyp5nH/81U=
36,-52,M4HUCjziFcGSx8zAs/14nVIzv9k=,zLylSyFThTW0yEUPxLyp5nH/81U=
41,-51,M4HUCjziFcGSx8zAs/14nVIzv9k=,zLylSyFThTW0yEUPxLyp5nH/81U=
43,-51,M4HUCjziFcGSx8zAs/14nVIzv9k=,zLylSyFThTW0yEUPxLyp5nH/81U=
43,-50,M4HUCjziFcGSx8zAs/14nVIzv9k=,zLylSyFThTW0yEUPxLyp5nH/81U=
36,-46,8mwQcFs0JKx44PHBnrpzN+uP+e0=,4dj+kJgvIVOXQGrnTcLtI+m3qtE=
35,-46,8mwQcFs0JKx44PHBnrpzN+uP+e0=,4dj+kJgvIVOXQGrnTcLtI+m3qtE=
33,-46,8mwQcFs0JKx44PHBnrpzN+uP+e0=,4dj+kJgvIVOXQGrnTcLtI+m3qtE=
34,-46,8mwQcFs0JKx44PHBnrpzN+uP+e0=,4dj+kJgvIVOXQGrnTcLtI+m3qtE=
38,-47,8mwQcFs0JKx44PHBnrpzN+uP+e0=,4dj+kJgvIVOXQGrnTcLtI+m3qtE=
37,-47,8mwQcFs0JKx44PHBnrpzN+uP+e0=,4dj+kJgvIVOXQGrnTcLtI+m3qtE=
36,-47,8mwQcFs0JKx44PHBnrpzN+uP+e0=,4dj+kJgvIVOXQGrnTcLtI+m3qtE=
34,-47,8mwQcFs0JKx44PHBnrpzN+uP+e0=,4dj+kJgvIVOXQGrnTcLtI+m3qtE=
35,-47,8mwQcFs0JKx44PHBnrpzN+uP+e0=,4dj+kJgvIVOXQGrnTcLtI+m3qtE=
33,-47,8mwQcFs0JKx44PHBnrpzN+uP+e0=,4dj+kJgvIVOXQGrnTcLtI+m3qtE=
33,-42,8mwQcFs0JKx44PHBnrpzN+uP+e0=,4dj+kJgvIVOXQGrnTcLtI+m3qtE=
34,-43,8mwQcFs0JKx44PHBnrpzN+uP+e0=,4dj+kJgvIVOXQGrnTcLtI+m3qtE=
33,-43,8mwQcFs0JKx44PHBnrpzN+uP+e0=,4dj+kJgvIVOXQGrnTcLtI+m3qtE=
35,-44,8mwQcFs0JKx44PHBnrpzN+uP+e0=,4dj+kJgvIVOXQGrnTcLtI+m3qtE=
34,-44,8mwQcFs0JKx44PHBnrpzN+uP+e0=,4dj+kJgvIVOXQGrnTcLtI+m3qtE=
33,-44,8mwQcFs0JKx44PHBnrpzN+uP+e0=,4dj+kJgvIVOXQGrnTcLtI+m3qtE=
36,-45,8mwQcFs0JKx44PHBnrpzN+uP+e0=,4dj+kJgvIVOXQGrnTcLtI+m3qtE=
35,-45,8mwQcFs0JKx44PHBnrpzN+uP+e0=,4dj+kJgvIVOXQGrnTcLtI+m3qtE=
34,-45,8mwQcFs0JKx44PHBnrpzN+uP+e0=,4dj+kJgvIVOXQGrnTcLtI+m3qtE=
33,-45,8mwQcFs0JKx44PHBnrpzN+uP+e0=,4dj+kJgvIVOXQGrnTcLtI+m3qtE=
38,-46,8mwQcFs0JKx44PHBnrpzN+uP+e0=,4dj+kJgvIVOXQGrnTcLtI+m3qtE=
37,-46,8mwQcFs0JKx44PHBnrpzN+uP+e0=,4dj+kJgvIVOXQGrnTcLtI+m3qtE=
40,-46,8mwQcFs0JKx44PHBnrpzN+uP+e0=,zLylSyFThTW0yEUPxLyp5nH/81U=
41,-46,8mwQcFs0JKx44PHBnrpzN+uP+e0=,zLylSyFThTW0yEUPxLyp5nH/81U=
39,-46,XYukGUDi3bBUyjp54ezc0DfEtyw=,4dj+kJgvIVOXQGrnTcLtI+m3qtE=
42,-46,XYukGUDi3bBUyjp54ezc0DfEtyw=,zLylSyFThTW0yEUPxLyp5nH/81U=
43,-46,XYukGUDi3bBUyjp54ezc0DfEtyw=,zLylSyFThTW0yEUPxLyp5nH/81U=
40,-45,XYukGUDi3bBUyjp54ezc0DfEtyw=,zLylSyFThTW0yEUPxLyp5nH/81U=
41,-45,XYukGUDi3bBUyjp54ezc0DfEtyw=,zLylSyFThTW0yEUPxLyp5nH/81U=
43,-45,XYukGUDi3bBUyjp54ezc0DfEtyw=,zLylSyFThTW0yEUPxLyp5nH/81U=
42,-45,XYukGUDi3bBUyjp54ezc0DfEtyw=,zLylSyFThTW0yEUPxLyp5nH/81U=
41,-44,XYukGUDi3bBUyjp54ezc0DfEtyw=,zLylSyFThTW0yEUPxLyp5nH/81U=
42,-44,XYukGUDi3bBUyjp54ezc0DfEtyw=,zLylSyFThTW0yEUPxLyp5nH/81U=
43,-44,XYukGUDi3bBUyjp54ezc0DfEtyw=,zLylSyFThTW0yEUPxLyp5nH/81U=
39,-47,XYukGUDi3bBUyjp54ezc0DfEtyw=,4dj+kJgvIVOXQGrnTcLtI+m3qtE=
43,-43,XYukGUDi3bBUyjp54ezc0DfEtyw=,zLylSyFThTW0yEUPxLyp5nH/81U=
40,-44,XYukGUDi3bBUyjp54ezc0DfEtyw=,zLylSyFThTW0yEUPxLyp5nH/81U=
33,-40,XYukGUDi3bBUyjp54ezc0DfEtyw=,2UOkcV/9/pz3mlCCJlIlicta1HM=
42,-43,XYukGUDi3bBUyjp54ezc0DfEtyw=,zLylSyFThTW0yEUPxLyp5nH/81U=
33,-41,XYukGUDi3bBUyjp54ezc0DfEtyw=,4dj+kJgvIVOXQGrnTcLtI+m3qtE=
38,-41,XYukGUDi3bBUyjp54ezc0DfEtyw=,4dj+kJgvIVOXQGrnTcLtI+m3qtE=
39,-38,XYukGUDi3bBUyjp54ezc0DfEtyw=,2UOkcV/9/pz3mlCCJlIlicta1HM=
41,-43,XYukGUDi3bBUyjp54ezc0DfEtyw=,zLylSyFThTW0yEUPxLyp5nH/81U=
37,-42,XYukGUDi3bBUyjp54ezc0DfEtyw=,4dj+kJgvIVOXQGrnTcLtI+m3qtE=
36,-39,XYukGUDi3bBUyjp54ezc0DfEtyw=,2UOkcV/9/pz3mlCCJlIlicta1HM=
38,-43,XYukGUDi3bBUyjp54ezc0DfEtyw=,4dj+kJgvIVOXQGrnTcLtI+m3qtE=
42,-42,XYukGUDi3bBUyjp54ezc0DfEtyw=,zLylSyFThTW0yEUPxLyp5nH/81U=
43,-42,XYukGUDi3bBUyjp54ezc0DfEtyw=,zLylSyFThTW0yEUPxLyp5nH/81U=
37,-43,XYukGUDi3bBUyjp54ezc0DfEtyw=,4dj+kJgvIVOXQGrnTcLtI+m3qtE=
37,-41,XYukGUDi3bBUyjp54ezc0DfEtyw=,4dj+kJgvIVOXQGrnTcLtI+m3qtE=
36,-42,XYukGUDi3bBUyjp54ezc0DfEtyw=,4dj+kJgvIVOXQGrnTcLtI+m3qtE=
41,-42,XYukGUDi3bBUyjp54ezc0DfEtyw=,zLylSyFThTW0yEUPxLyp5nH/81U=
39,-41,XYukGUDi3bBUyjp54ezc0DfEtyw=,4dj+kJgvIVOXQGrnTcLtI+m3qtE=
40,-41,XYukGUDi3bBUyjp54ezc0DfEtyw=,zLylSyFThTW0yEUPxLyp5nH/81U=
36,-44,XYukGUDi3bBUyjp54ezc0DfEtyw=,4dj+kJgvIVOXQGrnTcLtI+m3qtE=
40,-42,XYukGUDi3bBUyjp54ezc0DfEtyw=,zLylSyFThTW0yEUPxLyp5nH/81U=
37,-39,XYukGUDi3bBUyjp54ezc0DfEtyw=,2UOkcV/9/pz3mlCCJlIlicta1HM=
38,-42,XYukGUDi3bBUyjp54ezc0DfEtyw=,4dj+kJgvIVOXQGrnTcLtI+m3qtE=
38,-44,XYukGUDi3bBUyjp54ezc0DfEtyw=,4dj+kJgvIVOXQGrnTcLtI+m3qtE=
37,-44,XYukGUDi3bBUyjp54ezc0DfEtyw=,4dj+kJgvIVOXQGrnTcLtI+m3qtE=
37,-38,XYukGUDi3bBUyjp54ezc0DfEtyw=,2UOkcV/9/pz3mlCCJlIlicta1HM=
40,-43,XYukGUDi3bBUyjp54ezc0DfEtyw=,zLylSyFThTW0yEUPxLyp5nH/81U=
36,-41,XYukGUDi3bBUyjp54ezc0DfEtyw=,4dj+kJgvIVOXQGrnTcLtI+m3qtE=
39,-42,XYukGUDi3bBUyjp54ezc0DfEtyw=,4dj+kJgvIVOXQGrnTcLtI+m3qtE=
39,-44,XYukGUDi3bBUyjp54ezc0DfEtyw=,4dj+kJgvIVOXQGrnTcLtI+m3qtE=
41,-41,XYukGUDi3bBUyjp54ezc0DfEtyw=,zLylSyFThTW0yEUPxLyp5nH/81U=
36,-38,XYukGUDi3bBUyjp54ezc0DfEtyw=,2UOkcV/9/pz3mlCCJlIlicta1HM=
43,-37,XYukGUDi3bBUyjp54ezc0DfEtyw=,zLylSyFThTW0yEUPxLyp5nH/81U=
39,-43,XYukGUDi3bBUyjp54ezc0DfEtyw=,4dj+kJgvIVOXQGrnTcLtI+m3qtE=
38,-39,XYukGUDi3bBUyjp54ezc0DfEtyw=,2UOkcV/9/pz3mlCCJlIlicta1HM=
43,-41,XYukGUDi3bBUyjp54ezc0DfEtyw=,zLylSyFThTW0yEUPxLyp5nH/81U=
36,-43,XYukGUDi3bBUyjp54ezc0DfEtyw=,4dj+kJgvIVOXQGrnTcLtI+m3qtE=
42,-41,XYukGUDi3bBUyjp54ezc0DfEtyw=,zLylSyFThTW0yEUPxLyp5nH/81U=
39,-37,XYukGUDi3bBUyjp54ezc0DfEtyw=,2UOkcV/9/pz3mlCCJlIlicta1HM=
40,-38,XYukGUDi3bBUyjp54ezc0DfEtyw=,zLylSyFThTW0yEUPxLyp5nH/81U=
43,-40,XYukGUDi3bBUyjp54ezc0DfEtyw=,zLylSyFThTW0yEUPxLyp5nH/81U=
38,-38,XYukGUDi3bBUyjp54ezc0DfEtyw=,2UOkcV/9/pz3mlCCJlIlicta1HM=
47,-43,XYukGUDi3bBUyjp54ezc0DfEtyw=,zLylSyFThTW0yEUPxLyp5nH/81U=
47,-42,XYukGUDi3bBUyjp54ezc0DfEtyw=,zLylSyFThTW0yEUPxLyp5nH/81U=
38,-48,XYukGUDi3bBUyjp54ezc0DfEtyw=,4dj+kJgvIVOXQGrnTcLtI+m3qtE=
37,-48,XYukGUDi3bBUyjp54ezc0DfEtyw=,4dj+kJgvIVOXQGrnTcLtI+m3qtE=
36,-48,XYukGUDi3bBUyjp54ezc0DfEtyw=,4dj+kJgvIVOXQGrnTcLtI+m3qtE=
41,-38,XYukGUDi3bBUyjp54ezc0DfEtyw=,zLylSyFThTW0yEUPxLyp5nH/81U=
35,-48,XYukGUDi3bBUyjp54ezc0DfEtyw=,4dj+kJgvIVOXQGrnTcLtI+m3qtE=
34,-48,XYukGUDi3bBUyjp54ezc0DfEtyw=,4dj+kJgvIVOXQGrnTcLtI+m3qtE=
33,-48,XYukGUDi3bBUyjp54ezc0DfEtyw=,4dj+kJgvIVOXQGrnTcLtI+m3qtE=
42,-38,XYukGUDi3bBUyjp54ezc0DfEtyw=,zLylSyFThTW0yEUPxLyp5nH/81U=
39,-45,XYukGUDi3bBUyjp54ezc0DfEtyw=,4dj+kJgvIVOXQGrnTcLtI+m3qtE=
40,-47,XYukGUDi3bBUyjp54ezc0DfEtyw=,zLylSyFThTW0yEUPxLyp5nH/81U=
37,-45,XYukGUDi3bBUyjp54ezc0DfEtyw=,4dj+kJgvIVOXQGrnTcLtI+m3qtE=
38,-45,XYukGUDi3bBUyjp54ezc0DfEtyw=,4dj+kJgvIVOXQGrnTcLtI+m3qtE=
39,-48,XYukGUDi3bBUyjp54ezc0DfEtyw=,4dj+kJgvIVOXQGrnTcLtI+m3qtE=
41,-47,XYukGUDi3bBUyjp54ezc0DfEtyw=,zLylSyFThTW0yEUPxLyp5nH/81U=
42,-47,XYukGUDi3bBUyjp54ezc0DfEtyw=,zLylSyFThTW0yEUPxLyp5nH/81U=
40,-48,XYukGUDi3bBUyjp54ezc0DfEtyw=,zLylSyFThTW0yEUPxLyp5nH/81U=
39,-33,XYukGUDi3bBUyjp54ezc0DfEtyw=,2UOkcV/9/pz3mlCCJlIlicta1HM=
47,-37,XYukGUDi3bBUyjp54ezc0DfEtyw=,zLylSyFThTW0yEUPxLyp5nH/81U=
47,-44,XYukGUDi3bBUyjp54ezc0DfEtyw=,zLylSyFThTW0yEUPxLyp5nH/81U=
40,-40,XYukGUDi3bBUyjp54ezc0DfEtyw=,zLylSyFThTW0yEUPxLyp5nH/81U=
42,-33,XYukGUDi3bBUyjp54ezc0DfEtyw=,zLylSyFThTW0yEUPxLyp5nH/81U=
47,-41,XYukGUDi3bBUyjp54ezc0DfEtyw=,zLylSyFThTW0yEUPxLyp5nH/81U=
43,-47,XYukGUDi3bBUyjp54ezc0DfEtyw=,zLylSyFThTW0yEUPxLyp5nH/81U=
37,-36,XYukGUDi3bBUyjp54ezc0DfEtyw=,2UOkcV/9/pz3mlCCJlIlicta1HM=
36,-36,XYukGUDi3bBUyjp54ezc0DfEtyw=,2UOkcV/9/pz3mlCCJlIlicta1HM=
43,-48,XYukGUDi3bBUyjp54ezc0DfEtyw=,zLylSyFThTW0yEUPxLyp5nH/81U=
38,-33,XYukGUDi3bBUyjp54ezc0DfEtyw=,2UOkcV/9/pz3mlCCJlIlicta1HM=
32,-45,XYukGUDi3bBUyjp54ezc0DfEtyw=,4dj+kJgvIVOXQGrnTcLtI+m3qtE=
32,-44,XYukGUDi3bBUyjp54ezc0DfEtyw=,4dj+kJgvIVOXQGrnTcLtI+m3qtE=
40,-37,XYukGUDi3bBUyjp54ezc0DfEtyw=,zLylSyFThTW0yEUPxLyp5nH/81U=
47,-40,XYukGUDi3bBUyjp54ezc0DfEtyw=,zLylSyFThTW0yEUPxLyp5nH/81U=
32,-48,XYukGUDi3bBUyjp54ezc0DfEtyw=,4dj+kJgvIVOXQGrnTcLtI+m3qtE=
43,-33,XYukGUDi3bBUyjp54ezc0DfEtyw=,zLylSyFThTW0yEUPxLyp5nH/81U=
42,-48,XYukGUDi3bBUyjp54ezc0DfEtyw=,zLylSyFThTW0yEUPxLyp5nH/81U=
41,-40,XYukGUDi3bBUyjp54ezc0DfEtyw=,zLylSyFThTW0yEUPxLyp5nH/81U=
37,-33,XYukGUDi3bBUyjp54ezc0DfEtyw=,2UOkcV/9/pz3mlCCJlIlicta1HM=
36,-37,XYukGUDi3bBUyjp54ezc0DfEtyw=,2UOkcV/9/pz3mlCCJlIlicta1HM=
44,-41,XYukGUDi3bBUyjp54ezc0DfEtyw=,zLylSyFThTW0yEUPxLyp5nH/81U=
41,-33,XYukGUDi3bBUyjp54ezc0DfEtyw=,zLylSyFThTW0yEUPxLyp5nH/81U=
32,-34,XYukGUDi3bBUyjp54ezc0DfEtyw=,2UOkcV/9/pz3mlCCJlIlicta1HM=
43,-34,XYukGUDi3bBUyjp54ezc0DfEtyw=,zLylSyFThTW0yEUPxLyp5nH/81U=
43,-36,XYukGUDi3bBUyjp54ezc0DfEtyw=,zLylSyFThTW0yEUPxLyp5nH/81U=
40,-36,XYukGUDi3bBUyjp54ezc0DfEtyw=,zLylSyFThTW0yEUPxLyp5nH/81U=
45,-41,XYukGUDi3bBUyjp54ezc0DfEtyw=,zLylSyFThTW0yEUPxLyp5nH/81U=
41,-36,XYukGUDi3bBUyjp54ezc0DfEtyw=,zLylSyFThTW0yEUPxLyp5nH/81U=
42,-36,XYukGUDi3bBUyjp54ezc0DfEtyw=,zLylSyFThTW0yEUPxLyp5nH/81U=
43,-35,XYukGUDi3bBUyjp54ezc0DfEtyw=,zLylSyFThTW0yEUPxLyp5nH/81U=
32,-37,XYukGUDi3bBUyjp54ezc0DfEtyw=,2UOkcV/9/pz3mlCCJlIlicta1HM=
47,-38,XYukGUDi3bBUyjp54ezc0DfEtyw=,zLylSyFThTW0yEUPxLyp5nH/81U=
41,-48,XYukGUDi3bBUyjp54ezc0DfEtyw=,zLylSyFThTW0yEUPxLyp5nH/81U=
36,-33,XYukGUDi3bBUyjp54ezc0DfEtyw=,2UOkcV/9/pz3mlCCJlIlicta1HM=
37,-37,XYukGUDi3bBUyjp54ezc0DfEtyw=,2UOkcV/9/pz3mlCCJlIlicta1HM=
46,-41,XYukGUDi3bBUyjp54ezc0DfEtyw=,zLylSyFThTW0yEUPxLyp5nH/81U=
38,-36,XYukGUDi3bBUyjp54ezc0DfEtyw=,2UOkcV/9/pz3mlCCJlIlicta1HM=
40,-33,XYukGUDi3bBUyjp54ezc0DfEtyw=,zLylSyFThTW0yEUPxLyp5nH/81U=
46,-39,XYukGUDi3bBUyjp54ezc0DfEtyw=,zLylSyFThTW0yEUPxLyp5nH/81U=
32,-35,XYukGUDi3bBUyjp54ezc0DfEtyw=,2UOkcV/9/pz3mlCCJlIlicta1HM=
32,-38,XYukGUDi3bBUyjp54ezc0DfEtyw=,2UOkcV/9/pz3mlCCJlIlicta1HM=
40,-39,XYukGUDi3bBUyjp54ezc0DfEtyw=,zLylSyFThTW0yEUPxLyp5nH/81U=
44,-46,XYukGUDi3bBUyjp54ezc0DfEtyw=,zLylSyFThTW0yEUPxLyp5nH/81U=
46,-42,XYukGUDi3bBUyjp54ezc0DfEtyw=,zLylSyFThTW0yEUPxLyp5nH/81U=
32,-39,XYukGUDi3bBUyjp54ezc0DfEtyw=,2UOkcV/9/pz3mlCCJlIlicta1HM=
46,-48,XYukGUDi3bBUyjp54ezc0DfEtyw=,zLylSyFThTW0yEUPxLyp5nH/81U=
44,-44,XYukGUDi3bBUyjp54ezc0DfEtyw=,zLylSyFThTW0yEUPxLyp5nH/81U=
44,-45,XYukGUDi3bBUyjp54ezc0DfEtyw=,zLylSyFThTW0yEUPxLyp5nH/81U=
42,-34,XYukGUDi3bBUyjp54ezc0DfEtyw=,zLylSyFThTW0yEUPxLyp5nH/81U=
45,-44,XYukGUDi3bBUyjp54ezc0DfEtyw=,zLylSyFThTW0yEUPxLyp5nH/81U=
46,-44,XYukGUDi3bBUyjp54ezc0DfEtyw=,zLylSyFThTW0yEUPxLyp5nH/81U=
44,-42,XYukGUDi3bBUyjp54ezc0DfEtyw=,zLylSyFThTW0yEUPxLyp5nH/81U=
35,-40,XYukGUDi3bBUyjp54ezc0DfEtyw=,2UOkcV/9/pz3mlCCJlIlicta1HM=
34,-40,XYukGUDi3bBUyjp54ezc0DfEtyw=,2UOkcV/9/pz3mlCCJlIlicta1HM=
46,-45,XYukGUDi3bBUyjp54ezc0DfEtyw=,zLylSyFThTW0yEUPxLyp5nH/81U=
45,-45,XYukGUDi3bBUyjp54ezc0DfEtyw=,zLylSyFThTW0yEUPxLyp5nH/81U=
40,-34,XYukGUDi3bBUyjp54ezc0DfEtyw=,zLylSyFThTW0yEUPxLyp5nH/81U=
45,-42,XYukGUDi3bBUyjp54ezc0DfEtyw=,zLylSyFThTW0yEUPxLyp5nH/81U=
44,-43,XYukGUDi3bBUyjp54ezc0DfEtyw=,zLylSyFThTW0yEUPxLyp5nH/81U=
38,-37,XYukGUDi3bBUyjp54ezc0DfEtyw=,2UOkcV/9/pz3mlCCJlIlicta1HM=
39,-35,XYukGUDi3bBUyjp54ezc0DfEtyw=,2UOkcV/9/pz3mlCCJlIlicta1HM=
39,-36,XYukGUDi3bBUyjp54ezc0DfEtyw=,2UOkcV/9/pz3mlCCJlIlicta1HM=
46,-43,XYukGUDi3bBUyjp54ezc0DfEtyw=,zLylSyFThTW0yEUPxLyp5nH/81U=
32,-36,XYukGUDi3bBUyjp54ezc0DfEtyw=,2UOkcV/9/pz3mlCCJlIlicta1HM=
45,-43,XYukGUDi3bBUyjp54ezc0DfEtyw=,zLylSyFThTW0yEUPxLyp5nH/81U=
46,-46,XYukGUDi3bBUyjp54ezc0DfEtyw=,zLylSyFThTW0yEUPxLyp5nH/81U=
32,-33,XYukGUDi3bBUyjp54ezc0DfEtyw=,2UOkcV/9/pz3mlCCJlIlicta1HM=
45,-46,XYukGUDi3bBUyjp54ezc0DfEtyw=,zLylSyFThTW0yEUPxLyp5nH/81U=
47,-39,XYukGUDi3bBUyjp54ezc0DfEtyw=,zLylSyFThTW0yEUPxLyp5nH/81U=
42,-35,XYukGUDi3bBUyjp54ezc0DfEtyw=,zLylSyFThTW0yEUPxLyp5nH/81U=
41,-39,XYukGUDi3bBUyjp54ezc0DfEtyw=,zLylSyFThTW0yEUPxLyp5nH/81U=
47,-33,XYukGUDi3bBUyjp54ezc0DfEtyw=,zLylSyFThTW0yEUPxLyp5nH/81U=
47,-48,XYukGUDi3bBUyjp54ezc0DfEtyw=,zLylSyFThTW0yEUPxLyp5nH/81U=
32,-46,XYukGUDi3bBUyjp54ezc0DfEtyw=,4dj+kJgvIVOXQGrnTcLtI+m3qtE=
34,-36,XYukGUDi3bBUyjp54ezc0DfEtyw=,2UOkcV/9/pz3mlCCJlIlicta1HM=
35,-41,XYukGUDi3bBUyjp54ezc0DfEtyw=,4dj+kJgvIVOXQGrnTcLtI+m3qtE=
39,-34,XYukGUDi3bBUyjp54ezc0DfEtyw=,2UOkcV/9/pz3mlCCJlIlicta1HM=
40,-35,XYukGUDi3bBUyjp54ezc0DfEtyw=,zLylSyFThTW0yEUPxLyp5nH/81U=
45,-48,XYukGUDi3bBUyjp54ezc0DfEtyw=,zLylSyFThTW0yEUPxLyp5nH/81U=
34,-41,XYukGUDi3bBUyjp54ezc0DfEtyw=,4dj+kJgvIVOXQGrnTcLtI+m3qtE=
34,-35,XYukGUDi3bBUyjp54ezc0DfEtyw=,2UOkcV/9/pz3mlCCJlIlicta1HM=
35,-36,XYukGUDi3bBUyjp54ezc0DfEtyw=,2UOkcV/9/pz3mlCCJlIlicta1HM=
35,-35,XYukGUDi3bBUyjp54ezc0DfEtyw=,2UOkcV/9/pz3mlCCJlIlicta1HM=
33,-35,XYukGUDi3bBUyjp54ezc0DfEtyw=,2UOkcV/9/pz3mlCCJlIlicta1HM=
33,-34,XYukGUDi3bBUyjp54ezc0DfEtyw=,2UOkcV/9/pz3mlCCJlIlicta1HM=
44,-36,XYukGUDi3bBUyjp54ezc0DfEtyw=,zLylSyFThTW0yEUPxLyp5nH/81U=
32,-40,XYukGUDi3bBUyjp54ezc0DfEtyw=,2UOkcV/9/pz3mlCCJlIlicta1HM=
46,-34,XYukGUDi3bBUyjp54ezc0DfEtyw=,zLylSyFThTW0yEUPxLyp5nH/81U=
44,-34,XYukGUDi3bBUyjp54ezc0DfEtyw=,zLylSyFThTW0yEUPxLyp5nH/81U=
35,-33,XYukGUDi3bBUyjp54ezc0DfEtyw=,2UOkcV/9/pz3mlCCJlIlicta1HM=
33,-36,XYukGUDi3bBUyjp54ezc0DfEtyw=,2UOkcV/9/pz3mlCCJlIlicta1HM=
32,-47,XYukGUDi3bBUyjp54ezc0DfEtyw=,4dj+kJgvIVOXQGrnTcLtI+m3qtE=
32,-41,XYukGUDi3bBUyjp54ezc0DfEtyw=,4dj+kJgvIVOXQGrnTcLtI+m3qtE=
32,-42,XYukGUDi3bBUyjp54ezc0DfEtyw=,4dj+kJgvIVOXQGrnTcLtI+m3qtE=
42,-39,XYukGUDi3bBUyjp54ezc0DfEtyw=,zLylSyFThTW0yEUPxLyp5nH/81U=
41,-35,XYukGUDi3bBUyjp54ezc0DfEtyw=,zLylSyFThTW0yEUPxLyp5nH/81U=
41,-34,XYukGUDi3bBUyjp54ezc0DfEtyw=,zLylSyFThTW0yEUPxLyp5nH/81U=
45,-36,XYukGUDi3bBUyjp54ezc0DfEtyw=,zLylSyFThTW0yEUPxLyp5nH/81U=
38,-34,XYukGUDi3bBUyjp54ezc0DfEtyw=,2UOkcV/9/pz3mlCCJlIlicta1HM=
44,-37,XYukGUDi3bBUyjp54ezc0DfEtyw=,zLylSyFThTW0yEUPxLyp5nH/81U=
34,-34,XYukGUDi3bBUyjp54ezc0DfEtyw=,2UOkcV/9/pz3mlCCJlIlicta1HM=
46,-33,XYukGUDi3bBUyjp54ezc0DfEtyw=,zLylSyFThTW0yEUPxLyp5nH/81U=
47,-35,XYukGUDi3bBUyjp54ezc0DfEtyw=,zLylSyFThTW0yEUPxLyp5nH/81U=
36,-40,XYukGUDi3bBUyjp54ezc0DfEtyw=,2UOkcV/9/pz3mlCCJlIlicta1HM=
35,-34,XYukGUDi3bBUyjp54ezc0DfEtyw=,2UOkcV/9/pz3mlCCJlIlicta1HM=
33,-33,XYukGUDi3bBUyjp54ezc0DfEtyw=,2UOkcV/9/pz3mlCCJlIlicta1HM=
32,-43,XYukGUDi3bBUyjp54ezc0DfEtyw=,4dj+kJgvIVOXQGrnTcLtI+m3qtE=
45,-35,XYukGUDi3bBUyjp54ezc0DfEtyw=,zLylSyFThTW0yEUPxLyp5nH/81U=
34,-33,XYukGUDi3bBUyjp54ezc0DfEtyw=,2UOkcV/9/pz3mlCCJlIlicta1HM=
34,-42,XYukGUDi3bBUyjp54ezc0DfEtyw=,4dj+kJgvIVOXQGrnTcLtI+m3qtE=
45,-39,XYukGUDi3bBUyjp54ezc0DfEtyw=,zLylSyFThTW0yEUPxLyp5nH/81U=
45,-34,XYukGUDi3bBUyjp54ezc0DfEtyw=,zLylSyFThTW0yEUPxLyp5nH/81U=
46,-38,XYukGUDi3bBUyjp54ezc0DfEtyw=,zLylSyFThTW0yEUPxLyp5nH/81U=
35,-37,XYukGUDi3bBUyjp54ezc0DfEtyw=,2UOkcV/9/pz3mlCCJlIlicta1HM=
43,-39,XYukGUDi3bBUyjp54ezc0DfEtyw=,zLylSyFThTW0yEUPxLyp5nH/81U=
37,-34,XYukGUDi3bBUyjp54ezc0DfEtyw=,2UOkcV/9/pz3mlCCJlIlicta1HM=
47,-34,XYukGUDi3bBUyjp54ezc0DfEtyw=,zLylSyFThTW0yEUPxLyp5nH/81U=
35,-43,XYukGUDi3bBUyjp54ezc0DfEtyw=,4dj+kJgvIVOXQGrnTcLtI+m3qtE=
44,-35,XYukGUDi3bBUyjp54ezc0DfEtyw=,zLylSyFThTW0yEUPxLyp5nH/81U=
37,-40,XYukGUDi3bBUyjp54ezc0DfEtyw=,2UOkcV/9/pz3mlCCJlIlicta1HM=
44,-48,XYukGUDi3bBUyjp54ezc0DfEtyw=,zLylSyFThTW0yEUPxLyp5nH/81U=
46,-36,XYukGUDi3bBUyjp54ezc0DfEtyw=,zLylSyFThTW0yEUPxLyp5nH/81U=
46,-35,XYukGUDi3bBUyjp54ezc0DfEtyw=,zLylSyFThTW0yEUPxLyp5nH/81U=
33,-39,XYukGUDi3bBUyjp54ezc0DfEtyw=,2UOkcV/9/pz3mlCCJlIlicta1HM=
44,-38,XYukGUDi3bBUyjp54ezc0DfEtyw=,zLylSyFThTW0yEUPxLyp5nH/81U=
35,-42,XYukGUDi3bBUyjp54ezc0DfEtyw=,4dj+kJgvIVOXQGrnTcLtI+m3qtE=
45,-47,XYukGUDi3bBUyjp54ezc0DfEtyw=,zLylSyFThTW0yEUPxLyp5nH/81U=
45,-33,XYukGUDi3bBUyjp54ezc0DfEtyw=,zLylSyFThTW0yEUPxLyp5nH/81U=
35,-39,XYukGUDi3bBUyjp54ezc0DfEtyw=,2UOkcV/9/pz3mlCCJlIlicta1HM=
34,-39,XYukGUDi3bBUyjp54ezc0DfEtyw=,2UOkcV/9/pz3mlCCJlIlicta1HM=
39,-40,XYukGUDi3bBUyjp54ezc0DfEtyw=,2UOkcV/9/pz3mlCCJlIlicta1HM=
45,-38,XYukGUDi3bBUyjp54ezc0DfEtyw=,zLylSyFThTW0yEUPxLyp5nH/81U=
46,-47,XYukGUDi3bBUyjp54ezc0DfEtyw=,zLylSyFThTW0yEUPxLyp5nH/81U=
38,-40,XYukGUDi3bBUyjp54ezc0DfEtyw=,2UOkcV/9/pz3mlCCJlIlicta1HM=
46,-40,XYukGUDi3bBUyjp54ezc0DfEtyw=,zLylSyFThTW0yEUPxLyp5nH/81U=
47,-36,XYukGUDi3bBUyjp54ezc0DfEtyw=,zLylSyFThTW0yEUPxLyp5nH/81U=
47,-45,XYukGUDi3bBUyjp54ezc0DfEtyw=,zLylSyFThTW0yEUPxLyp5nH/81U=
36,-34,XYukGUDi3bBUyjp54ezc0DfEtyw=,2UOkcV/9/pz3mlCCJlIlicta1HM=
33,-38,XYukGUDi3bBUyjp54ezc0DfEtyw=,2UOkcV/9/pz3mlCCJlIlicta1HM=
34,-38,XYukGUDi3bBUyjp54ezc0DfEtyw=,2UOkcV/9/pz3mlCCJlIlicta1HM=
42,-40,XYukGUDi3bBUyjp54ezc0DfEtyw=,zLylSyFThTW0yEUPxLyp5nH/81U=
44,-39,XYukGUDi3bBUyjp54ezc0DfEtyw=,zLylSyFThTW0yEUPxLyp5nH/81U=
35,-38,XYukGUDi3bBUyjp54ezc0DfEtyw=,2UOkcV/9/pz3mlCCJlIlicta1HM=
47,-46,XYukGUDi3bBUyjp54ezc0DfEtyw=,zLylSyFThTW0yEUPxLyp5nH/81U=
34,-37,XYukGUDi3bBUyjp54ezc0DfEtyw=,2UOkcV/9/pz3mlCCJlIlicta1HM=
33,-37,XYukGUDi3bBUyjp54ezc0DfEtyw=,2UOkcV/9/pz3mlCCJlIlicta1HM=
45,-40,XYukGUDi3bBUyjp54ezc0DfEtyw=,zLylSyFThTW0yEUPxLyp5nH/81U=
44,-47,XYukGUDi3bBUyjp54ezc0DfEtyw=,zLylSyFThTW0yEUPxLyp5nH/81U=
47,-47,XYukGUDi3bBUyjp54ezc0DfEtyw=,zLylSyFThTW0yEUPxLyp5nH/81U=
44,-33,XYukGUDi3bBUyjp54ezc0DfEtyw=,zLylSyFThTW0yEUPxLyp5nH/81U=
37,-35,XYukGUDi3bBUyjp54ezc0DfEtyw=,2UOkcV/9/pz3mlCCJlIlicta1HM=
39,-39,XYukGUDi3bBUyjp54ezc0DfEtyw=,2UOkcV/9/pz3mlCCJlIlicta1HM=
46,-37,XYukGUDi3bBUyjp54ezc0DfEtyw=,zLylSyFThTW0yEUPxLyp5nH/81U=
43,-38,XYukGUDi3bBUyjp54ezc0DfEtyw=,zLylSyFThTW0yEUPxLyp5nH/81U=
36,-35,XYukGUDi3bBUyjp54ezc0DfEtyw=,2UOkcV/9/pz3mlCCJlIlicta1HM=
38,-35,XYukGUDi3bBUyjp54ezc0DfEtyw=,2UOkcV/9/pz3mlCCJlIlicta1HM=
41,-37,XYukGUDi3bBUyjp54ezc0DfEtyw=,zLylSyFThTW0yEUPxLyp5nH/81U=
44,-40,XYukGUDi3bBUyjp54ezc0DfEtyw=,zLylSyFThTW0yEUPxLyp5nH/81U=
45,-37,XYukGUDi3bBUyjp54ezc0DfEtyw=,zLylSyFThTW0yEUPxLyp5nH/81U=
42,-37,XYukGUDi3bBUyjp54ezc0DfEtyw=,zLylSyFThTW0yEUPxLyp5nH/81U=
